EmployeeID,FullName,StoreID
" EMP-0101 ","Saanvi Sharma","STO-01"
"EMP-0101","Saanvi Sharma","STO-01"
"EMP-0102","Priya Sharma","STO-01"
"EMP-0103","Saanvi Patel","STO-01"
"EMP-0105","Rohan Sharma"," STO-01 "
"EMP-0105","Rohan Sharma","STO-01"
"EMP-0202","","STO-02"
"#N/A"," Priya Patel ","STO-02"
"EMP-0204","Aarav Singh","STO-02"
"EMP-0205","Rohan Sharma","STO-02"
"EMP-0301","Priya Sharma","#N/A"
"EMP-0302"," Saanvi Singh ","STO-03"
"EMP-0303","Aarav Patel","STO-03"
"EMP-0303","Aarav Patel","STO-03"
"EMP-0305","Aarav Patel","STO-03"
"EMP-0401","Aarav Patel","STO-04"
"EMP-0402","Rohan Patel","STO-04"
"EMP-0403","Rohan Sharma"," STO-04 "
"EMP-0403","Rohan Sharma","STO-04"
""," Priya Singh ",""