CustomerID,FullName
"CUST-1001","Liam Williams"
"#N/A","Olivia Williams"
"CUST-1003","Oliver Johnson"
"CUST-1004","Ava Johnson"
"CUST-1005","Emma Williams"
"CUST-1006","Emma Smith"
" CUST-1007 ","Liam Smith"
"CUST-1007","Liam Smith"
" CUST-1009 ","Oliver Brown"
"CUST-1010"," Liam Johnson "
"CUST-1010","Liam Johnson"
"CUST-1012","Ava Williams"
"CUST-1013","Noah Williams"
"CUST-1014","Ava Williams"
" CUST-1015 ","Ava Brown"
"CUST-1016","Ava Johnson"
" CUST-1017 ","Oliver Smith"
"CUST-1017","Oliver Smith"
"CUST-1019",""
"CUST-1020","Noah Johnson"
"CUST-1021","Ava Smith"
"CUST-1022","Oliver Smith"
"CUST-1023","Ava Johnson"
"CUST-1023","Ava Johnson"
"CUST-1025",""
"CUST-1026","Liam Williams"
" CUST-1027 ",""
"CUST-1028"," Emma Williams "
"CUST-1029","Olivia Brown"
"CUST-1030","Ava Brown"
"","Noah Brown"
"CUST-1032"," Oliver Smith "
"CUST-1032","Oliver Smith"
"CUST-1033","Oliver Brown"
"CUST-1035","Noah Brown"
"CUST-1036"," Liam Brown "
"CUST-1037","Liam Johnson"
"CUST-1038",""
"CUST-1039","Noah Williams"
"CUST-1040"," Noah Williams "
" CUST-1041 ","Noah Brown"
"CUST-1041","Noah Brown"
"CUST-1043"," Olivia Smith "
"CUST-1044","Ava Johnson"
" CUST-1045 ",""
"CUST-1046","Ava Johnson"
"CUST-1047","Oliver Brown"
" CUST-1048 ","Olivia Williams"
"CUST-1049","Noah Smith"
"CUST-1050",""
"CUST-1050","Oliver Brown"
"CUST-1052","Liam Smith"
" CUST-1053 "," Noah Brown "
"CUST-1054","Olivia Smith"
"CUST-1055","Olivia Smith"
"CUST-1056","Oliver Smith"
"CUST-1056","Oliver Smith"
"CUST-1058","Noah Brown"
"CUST-1059","Liam Brown"
"CUST-1060","Liam Brown"
" CUST-1061 ","Ava Williams"
"CUST-1062"," Liam Williams "
"CUST-1062","Liam Williams"
"CUST-1064","Emma Johnson"
"CUST-1065","Noah Williams"
"CUST-1065","Noah Williams"
"CUST-1067","Noah Johnson"
"CUST-1068"," Olivia Williams "
" CUST-1069 ","Liam Johnson"
" CUST-1070 "," Olivia Brown "
"CUST-1071","#N/A"
"CUST-1072","Ava Smith"
"CUST-1073","Liam Smith"
"CUST-1074","Noah Brown"
"CUST-1074","Noah Brown"
"CUST-1076","Oliver Williams"
" CUST-1077 ","Olivia Williams"
" CUST-1078 ","Ava Smith"
"CUST-1079","Oliver Smith"
"CUST-1080","Oliver Smith"
"CUST-1081","Ava Brown"
"CUST-1082",""
"","Liam Brown"
" CUST-1084 ","Oliver Williams"
"CUST-1085","Emma Smith"
"CUST-1086","Liam Smith"
"CUST-1086","Liam Smith"
"CUST-1088","Ava Johnson"
"CUST-1089","Liam Smith"
"CUST-1090","Noah Johnson"
" CUST-1091 ","Ava Johnson"
" CUST-1092 ","Olivia Smith"
"CUST-1093","Ava Johnson"
"CUST-1094","Noah Johnson"
"CUST-1095","Olivia Brown"
"CUST-1096"," Ava Johnson "
"CUST-1097","Emma Smith"
"CUST-1098","Liam Williams"
"CUST-1099"," Oliver Brown "
"CUST-1100"," Oliver Williams "
"CUST-1101","Noah Williams"
"CUST-1102","#N/A"
"CUST-1102","Noah Williams"
"CUST-1104","Liam Brown"
"#N/A","Ava Brown"
"CUST-1106","Olivia Smith"
"CUST-1107","Oliver Johnson"
"CUST-1108","Oliver Williams"
"CUST-1109","Olivia Brown"
"CUST-1110","Oliver Johnson"
"CUST-1111",""
"CUST-1112","Oliver Smith"
"CUST-1112","Oliver Smith"
"","Olivia Smith"
" CUST-1115 ","Oliver Johnson"
"CUST-1116","Noah Johnson"
"CUST-1117","Emma Johnson"
"CUST-1118","Olivia Smith"
"","Liam Brown"
"","Oliver Smith"
"CUST-1120","Oliver Smith"
"CUST-1122"," Noah Brown "
"CUST-1123","Noah Smith"
" CUST-1124 ",""
" CUST-1125 ","Liam Williams"
"CUST-1126","Emma Smith"
"CUST-1127","Noah Johnson"
"CUST-1128","Liam Johnson"
"CUST-1129","Ava Brown"
"CUST-1130","Liam Johnson"
"CUST-1130","Liam Johnson"
"CUST-1132","Olivia Smith"
"CUST-1133","Liam Williams"
"CUST-1133","Liam Williams"
" CUST-1135 ","Oliver Williams"
"CUST-1136","Liam Brown"
"CUST-1137","Noah Brown"
"CUST-1138","Noah Brown"
"","Oliver Williams"
"CUST-1139","Oliver Williams"
"CUST-1141","Liam Williams"
"CUST-1142","Liam Smith"
"CUST-1143","Liam Williams"
" CUST-1144 ","Liam Smith"
" CUST-1145 "," Oliver Smith "
"","Olivia Brown"
"CUST-1146","Olivia Brown"
"CUST-1148","Emma Williams"
"CUST-1148","Emma Williams"
" CUST-1150 ","Noah Williams"
"","Olivia Williams"
"CUST-1152","Oliver Williams"
"CUST-1153"," Liam Smith "
"CUST-1153","Liam Smith"
"CUST-1155","Oliver Brown"
"CUST-1156","Noah Johnson"
"CUST-1157","Ava Smith"
"CUST-1158","Liam Johnson"
"CUST-1159","Olivia Johnson"
" CUST-1160 ","Noah Brown"
"CUST-1161"," Emma Brown "
"CUST-1162"," Noah Williams "
"CUST-1163","Emma Brown"
"CUST-1164",""
" CUST-1165 ","Liam Williams"
"CUST-1166","Ava Johnson"
" CUST-1167 ","Emma Johnson"
"CUST-1168","Oliver Johnson"
"CUST-1168","Oliver Johnson"
"","Ava Brown"
"CUST-1171","#N/A"
"CUST-1172","Olivia Smith"
"CUST-1173"," Olivia Smith "
"","Oliver Brown"
" CUST-1175 "," Noah Williams "
"CUST-1175","Noah Williams"
"CUST-1177",""
"","Oliver Smith"
"CUST-1179","Emma Smith"
" CUST-1180 ","Ava Brown"
"CUST-1180","Ava Brown"
"#N/A","Olivia Williams"
"CUST-1183","Oliver Smith"
"CUST-1184","Emma Smith"
"CUST-1185","Oliver Brown"
"CUST-1186","Liam Smith"
"CUST-1187","#N/A"
"",""
"CUST-1189","Olivia Johnson"
"CUST-1190","Oliver Johnson"
" CUST-1191 "," Ava Johnson "
"CUST-1191","Ava Johnson"
"","Noah Smith"
"CUST-1194"," Ava Brown "
" CUST-1195 ","Liam Johnson"
" CUST-1196 ",""
"CUST-1197","Ava Smith"
"CUST-1198"," Olivia Smith "
"CUST-1199","Emma Johnson"
"CUST-1200","Olivia Brown"
"CUST-1201"," Noah Smith "
"CUST-1202","Noah Smith"
"","Noah Smith"
"CUST-1203","Noah Smith"
"CUST-1204","Emma Smith"
"CUST-1206","Liam Williams"
"CUST-1206","Liam Williams"
"CUST-1208"," Olivia Johnson "
"CUST-1209","Liam Smith"
" CUST-1210 ","Ava Brown"
"CUST-1211","Ava Johnson"
"CUST-1211","Ava Johnson"
" CUST-1213 ","Liam Johnson"
"CUST-1214","Liam Smith"
"CUST-1215","Oliver Brown"
"#N/A",""
"CUST-1216","Olivia Smith"
"CUST-1218","Noah Smith"
" CUST-1219 "," Liam Johnson "
"CUST-1220","Oliver Smith"
"CUST-1221","Noah Williams"
"CUST-1221","Noah Williams"
" CUST-1223 ","Olivia Brown"
"CUST-1223","Olivia Brown"
"CUST-1225","Ava Brown"
"CUST-1226","Liam Williams"
"CUST-1227","Liam Smith"
"CUST-1227","Liam Smith"
"CUST-1229","Emma Smith"
"CUST-1230","Olivia Johnson"
" CUST-1231 ","Liam Johnson"
"CUST-1232","Ava Smith"
"CUST-1232","Ava Smith"
"CUST-1233","Emma Williams"
"",""
"CUST-1236"," Olivia Johnson "
"CUST-1237",""
"CUST-1238","Ava Williams"
"CUST-1238","Ava Williams"
"CUST-1240","Oliver Williams"
" CUST-1241 ","Ava Smith"
"CUST-1242","Emma Brown"
"CUST-1243"," Oliver Smith "
"CUST-1244",""
"CUST-1245"," Liam Johnson "
"CUST-1246","Olivia Smith"
"","Noah Williams"
"CUST-1247","Noah Williams"
"CUST-1249","Ava Johnson"
"CUST-1250","Olivia Brown"
"CUST-1251","Ava Williams"
"","Ava Johnson"
"CUST-1253","Oliver Johnson"
"CUST-1254","Olivia Johnson"
"CUST-1254","Olivia Johnson"
"CUST-1256","Liam Smith"
"CUST-1256","Liam Smith"
"CUST-1257","Noah Brown"
"CUST-1259","Olivia Williams"
"CUST-1260","Noah Williams"
"CUST-1261","Olivia Brown"
" CUST-1262 ",""
"CUST-1262","Noah Brown"
"CUST-1264","Noah Johnson"
"CUST-1265","Olivia Brown"
"CUST-1266"," Ava Johnson "
"CUST-1267","Emma Brown"
"CUST-1268","Oliver Brown"
"CUST-1269","Noah Williams"
"CUST-1269","Noah Williams"
"CUST-1271","Olivia Brown"
"CUST-1272","Noah Brown"
"CUST-1272","Noah Brown"
"CUST-1274",""
"","Olivia Williams"
"CUST-1276"," Noah Brown "
"CUST-1276","Noah Brown"
"CUST-1277","Olivia Williams"
"CUST-1279"," Ava Smith "
"CUST-1279","Ava Smith"
" CUST-1281 ","Liam Smith"
"#N/A","Noah Williams"
"CUST-1283","Emma Smith"
"CUST-1284","Oliver Brown"
"CUST-1285","Emma Smith"
"","Olivia Brown"
"","Emma Williams"
"CUST-1287","Emma Williams"
"CUST-1289"," Liam Brown "
"CUST-1290","Emma Johnson"
"CUST-1290","Emma Johnson"
"CUST-1292","Oliver Smith"
"#N/A","Oliver Brown"
"CUST-1294","Noah Johnson"
" CUST-1295 ","Emma Smith"
"CUST-1296",""
"CUST-1297","Ava Johnson"
"CUST-1298","Olivia Johnson"
"CUST-1299",""
" CUST-1300 ","Oliver Smith"
"CUST-1301","Olivia Johnson"
"CUST-1302","Noah Johnson"
"CUST-1303","Liam Williams"
"CUST-1304",""
" CUST-1305 ","Ava Williams"
"CUST-1306","Ava Williams"
"CUST-1307","Noah Smith"
" CUST-1308 ",""
" CUST-1309 ","Liam Brown"
"CUST-1310","Emma Brown"
" CUST-1311 ","Oliver Smith"
"CUST-1312","Noah Williams"
"CUST-1313","Olivia Johnson"
" CUST-1314 ","Olivia Johnson"
"CUST-1315","Oliver Smith"
"CUST-1316","Emma Williams"
" CUST-1317 ","Ava Williams"
" CUST-1318 ","Oliver Johnson"
"CUST-1319","Oliver Smith"
"CUST-1320","Noah Williams"
"CUST-1321","Emma Johnson"
"CUST-1321","Emma Johnson"
"CUST-1323"," Noah Smith "
"","Liam Johnson"
" CUST-1325 ","Ava Johnson"
" CUST-1326 ","Liam Smith"
"CUST-1327","Ava Brown"
"CUST-1328","Olivia Johnson"
"","Oliver Smith"
"CUST-1330","Noah Johnson"
"CUST-1331","Ava Smith"
"CUST-1332","Ava Johnson"
" CUST-1333 ","Noah Smith"
"CUST-1334","Liam Johnson"
"CUST-1335"," Oliver Johnson "
"CUST-1336","Liam Brown"
"CUST-1336","Liam Brown"
" CUST-1338 "," Noah Williams "
"CUST-1339","Ava Williams"
"CUST-1339","Ava Williams"
"CUST-1341","Emma Johnson"
" CUST-1342 ","Emma Brown"
"","Oliver Smith"
"CUST-1344","Emma Brown"
"CUST-1345","#N/A"
"CUST-1346","Ava Smith"
"CUST-1347","Oliver Brown"
"CUST-1348"," Olivia Williams "
"CUST-1349","Emma Johnson"
"CUST-1350","Oliver Brown"
"CUST-1351","Oliver Johnson"
"CUST-1352","Oliver Williams"
"CUST-1353"," Olivia Brown "
"CUST-1354","Liam Williams"
" CUST-1355 ","Ava Smith"
"CUST-1356","Emma Brown"
"CUST-1357","Olivia Williams"
"CUST-1357","Olivia Williams"
"CUST-1358","Ava Johnson"
"CUST-1360","Emma Smith"
" CUST-1361 ",""
"","Ava Smith"
"CUST-1362","Ava Smith"
"","Liam Williams"
"CUST-1365"," Oliver Johnson "
" CUST-1366 ","Noah Brown"
"CUST-1367"," Oliver Brown "
""," Ava Smith "
"",""
"CUST-1370","Oliver Smith"
"#N/A","Noah Johnson"
"CUST-1372","Emma Williams"
" CUST-1373 ","Emma Smith"
"CUST-1374","Noah Smith"
"CUST-1375","Olivia Smith"
"","Olivia Brown"
"","Ava Smith"
"CUST-1377","Ava Smith"
"CUST-1379"," Ava Williams "
"#N/A","Oliver Williams"
"","Emma Smith"
"CUST-1382",""
"CUST-1383",""
"CUST-1384","Liam Brown"
""," Liam Johnson "
"CUST-1386","#N/A"
"CUST-1387","Liam Johnson"
"CUST-1388","Olivia Smith"
"CUST-1388","Olivia Smith"
"CUST-1390","Ava Williams"
"CUST-1390","Ava Williams"
"CUST-1392","Liam Johnson"
" CUST-1393 ",""
"CUST-1394","Liam Johnson"
"","Emma Johnson"
"CUST-1396","Olivia Williams"
"CUST-1397","Liam Williams"
"CUST-1398","Emma Johnson"
"CUST-1399",""
"","Olivia Williams"
"CUST-1401","Emma Smith"
"CUST-1402","Olivia Williams"
"CUST-1402","Olivia Williams"
"CUST-1404","Liam Johnson"
""," Noah Williams "
"CUST-1406"," Ava Williams "
"","Liam Williams"
"CUST-1408","#N/A"
"CUST-1409","Oliver Johnson"
" CUST-1410 ","Oliver Brown"
"CUST-1411","Olivia Brown"
" CUST-1412 ","Emma Williams"
"CUST-1413","Ava Brown"
"CUST-1414","Emma Brown"
"CUST-1415"," Ava Smith "
"CUST-1416","Oliver Brown"
"CUST-1417","Oliver Brown"
"CUST-1417","Oliver Brown"
"CUST-1419","Noah Johnson"
"CUST-1420",""
"CUST-1421","Olivia Smith"
"CUST-1421","Olivia Smith"
"CUST-1422","Oliver Williams"
"CUST-1424","Emma Brown"
"CUST-1425","Noah Smith"
"CUST-1426","Noah Johnson"
"CUST-1427","Oliver Johnson"
"CUST-1428","Oliver Smith"
"CUST-1429"," Noah Johnson "
"CUST-1430","Emma Smith"
"CUST-1431","Oliver Brown"
"CUST-1432","Ava Smith"
"CUST-1433"," Emma Brown "
"CUST-1433","Emma Brown"
" CUST-1435 ","Noah Smith"
"CUST-1436","Oliver Williams"
"","Emma Smith"
"","Emma Brown"
"CUST-1439","Oliver Williams"
"CUST-1440","Ava Smith"
"#N/A"," Ava Brown "
"CUST-1442",""
"CUST-1443","Ava Johnson"
"CUST-1443","Ava Johnson"
"CUST-1445","Liam Johnson"
"CUST-1446","Oliver Johnson"
"CUST-1447"," Emma Smith "
" CUST-1448 ","Oliver Smith"
"CUST-1449","Ava Smith"
"","Liam Brown"
"CUST-1451","Liam Brown"
"CUST-1452",""
"","Noah Smith"
"CUST-1453","Noah Smith"
"CUST-1455"," Oliver Brown "
"CUST-1455","Oliver Brown"
"CUST-1457",""
"CUST-1458","Olivia Johnson"
"#N/A",""
"CUST-1460","Liam Smith"
"CUST-1461","Oliver Williams"
"#N/A","Olivia Williams"
" CUST-1463 ","Noah Brown"
" CUST-1464 ","Noah Johnson"
"CUST-1465","Oliver Williams"
"CUST-1466","Olivia Williams"
"CUST-1467","Liam Brown"
"CUST-1468",""
"CUST-1469","Ava Williams"
"","Ava Brown"
"CUST-1471","#N/A"
"CUST-1472",""
"CUST-1473","Ava Williams"
" CUST-1474 ","Liam Johnson"
"CUST-1475","Emma Williams"
"CUST-1476","Ava Smith"
"CUST-1477","Oliver Williams"
"","Oliver Smith"
"CUST-1479",""
"CUST-1479","Noah Brown"
"CUST-1481","Liam Williams"
"CUST-1482","#N/A"
"CUST-1482","Noah Johnson"
" CUST-1484 ","Emma Johnson"
"CUST-1485","#N/A"
"CUST-1486","Olivia Williams"
" CUST-1487 ","Ava Johnson"
"CUST-1488","Liam Johnson"
"CUST-1489","Liam Williams"
"CUST-1490","Ava Brown"
"CUST-1490","Ava Brown"
"CUST-1492","Liam Johnson"
"CUST-1493","Noah Brown"
"CUST-1494","#N/A"
" CUST-1495 ","Olivia Smith"
"CUST-1496","Liam Johnson"
"CUST-1497","Noah Brown"
"CUST-1498","Emma Williams"
"CUST-1499","Olivia Williams"
"CUST-1500","Olivia Johnson"
" CUST-1501 "," Ava Smith "
"CUST-1502","Olivia Smith"
"CUST-1502","Olivia Smith"
"","Ava Brown"
" CUST-1505 ","Emma Smith"
" CUST-1506 ","Emma Johnson"
"","Olivia Smith"
"","Olivia Johnson"
"CUST-1509"," Olivia Williams "
"CUST-1510","Liam Johnson"
"CUST-1511","Noah Brown"
"CUST-1512","Olivia Johnson"
"CUST-1513"," Oliver Smith "
"","Liam Brown"
"CUST-1515","Emma Johnson"
"CUST-1516","Oliver Smith"
"","Liam Brown"
"CUST-1518","Emma Brown"
"CUST-1519","Emma Brown"
"CUST-1519","Emma Brown"
" CUST-1521 ","Noah Smith"
"CUST-1522","Emma Smith"
"CUST-1523","Liam Smith"
"CUST-1524","Liam Williams"
"CUST-1525","Liam Johnson"
"CUST-1526","Noah Smith"
"CUST-1527","Liam Johnson"
"CUST-1528","Oliver Smith"
"CUST-1529",""
"CUST-1530","Noah Smith"
"CUST-1531","Liam Smith"
"CUST-1532","Emma Smith"
"CUST-1533",""
"CUST-1534","Oliver Williams"
"","Ava Brown"
"CUST-1536","#N/A"
"CUST-1537","Olivia Williams"
"CUST-1538"," Ava Johnson "
"CUST-1538","Ava Johnson"
"CUST-1539","Emma Brown"
" CUST-1541 ","Noah Smith"
"CUST-1542","Emma Johnson"
"CUST-1543","Olivia Smith"
"CUST-1543","Olivia Smith"
"CUST-1545"," Noah Johnson "
"CUST-1546","Olivia Johnson"
"CUST-1547",""
"CUST-1548"," Liam Smith "
"","Oliver Williams"
"CUST-1550","Emma Williams"
"CUST-1551",""
"CUST-1552","Ava Brown"
"CUST-1553","Noah Johnson"
"CUST-1554","Olivia Brown"
"CUST-1555","Ava Smith"
"CUST-1556","Ava Smith"
"CUST-1557","Ava Smith"
"CUST-1558","Ava Brown"
"CUST-1559","Ava Williams"
"CUST-1560","Liam Brown"
"CUST-1561","Olivia Brown"
"CUST-1562","Emma Johnson"
"CUST-1563","Olivia Brown"
"CUST-1564","#N/A"
"CUST-1565","Noah Brown"
"CUST-1566","Liam Williams"
" CUST-1567 ","Ava Smith"
"CUST-1568","Olivia Smith"
""," Noah Williams "
"CUST-1570",""
" CUST-1571 ","Liam Brown"
"CUST-1572",""
"","Oliver Johnson"
"CUST-1573","Oliver Johnson"
"CUST-1575","Ava Williams"
"CUST-1576","Noah Smith"
"CUST-1577","Emma Williams"
" CUST-1578 ","Liam Smith"
"CUST-1578","Liam Smith"
" CUST-1580 ","Liam Johnson"
"CUST-1581","Ava Smith"
"","Emma Smith"
" CUST-1583 ",""
"CUST-1583","Liam Johnson"
"CUST-1585","Liam Brown"
"CUST-1586"," Emma Williams "
"CUST-1587","Oliver Williams"
"CUST-1588","Olivia Williams"
"CUST-1589","Olivia Brown"
" CUST-1590 "," Ava Smith "
"","Liam Smith"
"","Liam Williams"
"","Noah Williams"
"CUST-1594","Noah Brown"
"CUST-1595","Liam Brown"
"CUST-1595","Liam Brown"
"CUST-1597","Oliver Johnson"
"CUST-1597","Oliver Johnson"
"CUST-1598","Noah Brown"
"CUST-1600"," Olivia Johnson "
"CUST-1601","Noah Johnson"
"","Liam Smith"
"CUST-1603","Olivia Brown"
"CUST-1604","Noah Brown"
"CUST-1605","Liam Brown"
"CUST-1606","Ava Smith"
"CUST-1607","Emma Brown"
"CUST-1608","Noah Brown"
"CUST-1609"," Liam Smith "
" CUST-1610 "," Olivia Smith "
"CUST-1611","Noah Brown"
" CUST-1612 "," Liam Johnson "
""," Olivia Johnson "
"","Liam Brown"
"CUST-1614","Liam Brown"
"CUST-1616",""
"CUST-1617","Olivia Smith"
" CUST-1618 ","Oliver Brown"
"CUST-1619"," Emma Johnson "
"CUST-1619","Emma Johnson"
"CUST-1621",""
"","Ava Brown"
"CUST-1623","Emma Smith"
"CUST-1624","Liam Johnson"
" CUST-1625 ","Emma Brown"
"CUST-1626","Noah Johnson"
"CUST-1627","Ava Williams"
"CUST-1628"," Liam Smith "
"CUST-1628","Liam Smith"
"CUST-1630",""
"CUST-1631"," Ava Williams "
"CUST-1632","Liam Williams"
"CUST-1632","Liam Williams"
"CUST-1634","Oliver Brown"
"CUST-1635","Olivia Smith"
"CUST-1635","Olivia Smith"
"CUST-1637"," Olivia Smith "
"#N/A","Liam Johnson"
" CUST-1639 ","Oliver Smith"
"CUST-1640","Emma Brown"
"CUST-1640","Emma Brown"
"","Emma Smith"
"CUST-1643","Olivia Brown"
"CUST-1644","Noah Johnson"
"#N/A"," Noah Brown "
" CUST-1646 ",""
"CUST-1647","Olivia Smith"
"CUST-1648"," Oliver Smith "
"CUST-1649","Liam Williams"
"CUST-1650","Oliver Brown"
" CUST-1651 ","Ava Smith"
"CUST-1652","Liam Brown"
"","Liam Johnson"
"CUST-1654"," Liam Williams "
"CUST-1655","Olivia Smith"
"CUST-1656","Liam Williams"
" CUST-1657 ","#N/A"
"","Olivia Brown"
" CUST-1659 ","Oliver Brown"
"CUST-1660","Liam Smith"
"CUST-1661","Olivia Brown"
"CUST-1662","Olivia Brown"
"CUST-1663","Oliver Brown"
"CUST-1663","Oliver Brown"
"CUST-1665"," Noah Johnson "
"CUST-1666","Ava Williams"
"CUST-1667"," Liam Williams "
"#N/A","Ava Smith"
"CUST-1669","Olivia Smith"
"CUST-1670"," Emma Brown "
"CUST-1671","Ava Johnson"
" CUST-1672 ","Ava Smith"
"CUST-1673","Emma Johnson"
" CUST-1674 ","Oliver Brown"
"CUST-1675","Oliver Williams"
" CUST-1676 "," Liam Smith "
" CUST-1677 ",""
"CUST-1678"," Emma Johnson "
" CUST-1679 ","Ava Smith"
"","Olivia Brown"
"CUST-1681","Liam Johnson"
"CUST-1682",""
"CUST-1682","Liam Smith"
"CUST-1684","Emma Smith"
"CUST-1685",""
"CUST-1686","Olivia Johnson"
"CUST-1687","Emma Johnson"
"CUST-1688","Oliver Johnson"
"CUST-1689",""
"CUST-1689","Oliver Williams"
"CUST-1691","Noah Williams"
"CUST-1692","Noah Johnson"
"CUST-1693",""
"CUST-1693","Ava Brown"
"CUST-1695",""
" CUST-1696 ","Noah Brown"
"CUST-1697","Olivia Smith"
"#N/A","Ava Smith"
"CUST-1699","Noah Brown"
"CUST-1699","Noah Brown"
"CUST-1701"," Oliver Johnson "
"CUST-1701","Oliver Johnson"
"CUST-1703","Noah Smith"
"","Oliver Williams"
"CUST-1705","Liam Williams"
" CUST-1706 ","Emma Brown"
"CUST-1706","Emma Brown"
"","Olivia Johnson"
"CUST-1709","Emma Williams"
""," Oliver Brown "
"CUST-1710","Oliver Brown"
" CUST-1712 ","Noah Brown"
"CUST-1713","Oliver Williams"
"CUST-1714"," Ava Smith "
" CUST-1715 ","Ava Brown"
"CUST-1716","Oliver Smith"
"CUST-1716","Oliver Smith"
"CUST-1718"," Emma Johnson "
"CUST-1718","Emma Johnson"
"CUST-1720"," Oliver Smith "
" CUST-1721 ","Emma Brown"
"CUST-1722","Ava Johnson"
"CUST-1723","Liam Smith"
"CUST-1723","Liam Smith"
"CUST-1725",""
"CUST-1726","Noah Williams"
"CUST-1727"," Oliver Williams "
"CUST-1728","Noah Johnson"
"","Oliver Brown"
"CUST-1730","Olivia Williams"
"CUST-1731","Oliver Brown"
"CUST-1732","Olivia Smith"
"CUST-1733","Ava Williams"
"CUST-1734",""
"CUST-1734","Noah Johnson"
"CUST-1735","Noah Brown"
"CUST-1737","Oliver Johnson"
"CUST-1738","Noah Johnson"
"CUST-1739"," Olivia Johnson "
"#N/A"," Ava Johnson "
"CUST-1740","Ava Johnson"
"CUST-1742","Liam Smith"
"CUST-1743","Noah Williams"
"CUST-1744",""
"CUST-1745","Liam Brown"
"CUST-1746"," Noah Smith "
"","#N/A"
"CUST-1748"," Olivia Williams "
"CUST-1748","Olivia Williams"
"CUST-1749","Oliver Brown"
"CUST-1751"," Olivia Smith "
"CUST-1752","Liam Smith"
"CUST-1752","Liam Smith"
" CUST-1754 ","Emma Johnson"
"CUST-1754","Emma Johnson"
" CUST-1756 ","Liam Williams"
"CUST-1757","Emma Smith"
" CUST-1758 ","#N/A"
"CUST-1759","Oliver Johnson"
"CUST-1760","#N/A"
"CUST-1761","Ava Johnson"
"CUST-1762","Ava Brown"
"CUST-1763","Noah Johnson"
" CUST-1764 ","Oliver Smith"
"CUST-1765","Emma Johnson"
"CUST-1766"," Noah Brown "
"CUST-1767","Emma Johnson"
"","Oliver Johnson"
"CUST-1768","Oliver Johnson"
"CUST-1770","Ava Smith"
" CUST-1771 ","Olivia Williams"
"CUST-1772","Noah Smith"
"CUST-1773",""
"CUST-1774","Noah Williams"
"CUST-1775",""
"CUST-1776"," Noah Brown "
"CUST-1777","Emma Brown"
"","Emma Smith"
"CUST-1779","Emma Williams"
"CUST-1780",""
"CUST-1781","Emma Smith"
" CUST-1782 ","Emma Smith"
" CUST-1783 ","Noah Brown"
"CUST-1784","Emma Williams"
"CUST-1785"," Noah Brown "
"CUST-1786","Oliver Brown"
"CUST-1787",""
"CUST-1788","Liam Williams"
"",""
"CUST-1790","Olivia Brown"
" CUST-1791 "," Liam Johnson "
"CUST-1792","Emma Johnson"
"CUST-1793","Liam Johnson"
"CUST-1793","Liam Johnson"
"","Emma Brown"
"CUST-1796","Liam Johnson"
"","Liam Smith"
"CUST-1798","Noah Williams"
"CUST-1798","Noah Williams"
"CUST-1799","Olivia Smith"
"CUST-1801"," Oliver Johnson "
" CUST-1802 ","Olivia Johnson"
"","Oliver Brown"
"CUST-1804","Olivia Brown"
"CUST-1805","Noah Brown"
"","Olivia Smith"
"CUST-1807","Ava Brown"
" CUST-1808 ","Emma Williams"
"CUST-1808","Emma Williams"
"CUST-1810","Emma Brown"
"CUST-1811",""
"#N/A","Emma Johnson"
"CUST-1813"," Ava Johnson "
"CUST-1814","Ava Williams"
"#N/A","Ava Williams"
"CUST-1816",""
" CUST-1817 ","Oliver Williams"
"CUST-1818","Liam Johnson"
" CUST-1819 ","Emma Smith"
"CUST-1820",""
"CUST-1821","Noah Brown"
"CUST-1822","Noah Brown"
"CUST-1823","Liam Williams"
"CUST-1824",""
" CUST-1825 ","Oliver Williams"
"","Oliver Brown"
"CUST-1827",""
"CUST-1828","Oliver Johnson"
" CUST-1829 ","Ava Brown"
"#N/A","#N/A"
"CUST-1831"," Emma Johnson "
"CUST-1832","Ava Johnson"
"CUST-1833","Olivia Smith"
"CUST-1834","Noah Brown"
"CUST-1835","Olivia Williams"
"CUST-1836",""
" CUST-1837 ","Ava Johnson"
"CUST-1837","Ava Johnson"
"CUST-1838","Oliver Johnson"
"CUST-1840","Emma Smith"
" CUST-1841 ",""
"CUST-1842",""
"CUST-1842","Olivia Williams"
"CUST-1844","Noah Johnson"
"","Noah Williams"
"CUST-1846"," Oliver Brown "
" CUST-1847 ","Oliver Johnson"
" CUST-1848 "," Noah Johnson "
"CUST-1849","Noah Williams"
"CUST-1850","Oliver Johnson"
"CUST-1851","Emma Johnson"
"CUST-1852","#N/A"
"CUST-1853","Emma Brown"
"CUST-1854","Noah Johnson"
"CUST-1855"," Noah Brown "
"CUST-1856","Emma Williams"
"CUST-1857","Emma Brown"
"CUST-1858","Noah Smith"
"CUST-1859","Liam Williams"
"CUST-1860","Olivia Johnson"
"CUST-1861",""
"CUST-1861","Liam Williams"
"#N/A","Liam Smith"
"CUST-1863","Liam Smith"
"CUST-1865","Emma Williams"
"CUST-1865","Emma Williams"
"CUST-1867","Oliver Williams"
"CUST-1868","Liam Smith"
"","Oliver Smith"
"CUST-1870","Oliver Smith"
" CUST-1871 ",""
"CUST-1871","Noah Brown"
"CUST-1873","Liam Williams"
"CUST-1874","Noah Brown"
"#N/A","Noah Smith"
" CUST-1876 ","Olivia Brown"
"CUST-1876","Olivia Brown"
"CUST-1878"," Noah Smith "
"CUST-1879"," Oliver Johnson "
"CUST-1879","Oliver Johnson"
"CUST-1881","Noah Brown"
" CUST-1882 ","Emma Brown"
"CUST-1882","Emma Brown"
"CUST-1884","Oliver Brown"
"CUST-1885","Liam Smith"
"CUST-1886","Noah Williams"
"CUST-1887"," Ava Brown "
"CUST-1888","Emma Brown"
"CUST-1889","Ava Williams"
"CUST-1889","Ava Williams"
"CUST-1891",""
"CUST-1892"," Emma Brown "
"CUST-1893","Liam Brown"
"CUST-1893","Liam Brown"
" CUST-1895 "," Oliver Smith "
"CUST-1895","Oliver Smith"
" CUST-1897 ",""
"CUST-1898","Oliver Smith"
"CUST-1899","Liam Johnson"
"CUST-1900",""
"","Noah Brown"
"CUST-1902","Oliver Williams"
"CUST-1903"," Liam Williams "
"CUST-1904"," Olivia Brown "
"CUST-1904","Olivia Brown"
" CUST-1906 "," Emma Brown "
"CUST-1907","Emma Williams"
"CUST-1907","Emma Williams"
" CUST-1909 ","Emma Smith"
"CUST-1909","Emma Smith"
"CUST-1911","Ava Brown"
"","Noah Brown"
"CUST-1913","Ava Johnson"
"CUST-1914","Ava Williams"
"CUST-1915",""
"CUST-1916","#N/A"
"CUST-1917"," Emma Brown "
"","Emma Smith"
""," Oliver Williams "
"CUST-1920",""
" CUST-1921 ","Ava Brown"
"CUST-1922","Noah Brown"
"CUST-1923",""
"#N/A","Olivia Johnson"
"CUST-1924","Olivia Johnson"
"CUST-1926","Olivia Brown"
"CUST-1927",""
"CUST-1928","Liam Williams"
"CUST-1929","Liam Williams"
"CUST-1929","Liam Williams"
"CUST-1931"," Oliver Smith "
"CUST-1932","Oliver Smith"
"CUST-1933","Liam Johnson"
"CUST-1934","Liam Smith"
"CUST-1935","Ava Williams"
" CUST-1936 ",""
"","Oliver Brown"
" CUST-1938 ","Liam Johnson"
"CUST-1939"," Ava Williams "
"CUST-1940",""
"CUST-1941","Liam Williams"
"CUST-1941","Liam Williams"
"CUST-1943","Olivia Smith"
"CUST-1943","Olivia Smith"
"CUST-1945","Olivia Brown"
"CUST-1946","Liam Williams"
" CUST-1947 ","Oliver Smith"
"CUST-1948","Oliver Smith"
"CUST-1949"," Noah Johnson "
"CUST-1950","Noah Brown"
"CUST-1951","Ava Johnson"
"CUST-1952","Emma Johnson"
"CUST-1953","Noah Williams"
" CUST-1954 "," Liam Smith "
"CUST-1955"," Olivia Brown "
"CUST-1956","Ava Brown"
" CUST-1957 ","Ava Smith"
"CUST-1958","Noah Williams"
"CUST-1959","Ava Smith"
"CUST-1960","#N/A"
" CUST-1961 ","Noah Smith"
"CUST-1961","Noah Smith"
"#N/A"," Noah Johnson "
"CUST-1963","Noah Johnson"
"CUST-1964","Olivia Williams"
"CUST-1966"," Ava Smith "
"CUST-1967","Olivia Johnson"
"CUST-1968","Olivia Smith"
"CUST-1969","Liam Brown"
"CUST-1970"," Liam Williams "
"CUST-1971","Ava Johnson"
"CUST-1971","Ava Johnson"
"CUST-1973"," Oliver Brown "
"CUST-1974","Oliver Brown"
"CUST-1975","Emma Brown"
"CUST-1975","Emma Brown"
"","Noah Brown"
"","Oliver Williams"
" CUST-1979 ","Emma Brown"
"CUST-1980",""
"CUST-1981","Liam Smith"
"CUST-1982","Ava Smith"
"CUST-1982","Ava Smith"
"#N/A","Oliver Brown"
"CUST-1985"," Emma Williams "
"","Liam Smith"
"","Ava Smith"
"CUST-1988","Noah Smith"
"CUST-1989","Oliver Smith"
" CUST-1990 "," Liam Johnson "
"CUST-1990","Liam Johnson"
"CUST-1992","Liam Johnson"
" CUST-1993 ",""
"CUST-1994","Ava Brown"
"CUST-1994","Ava Brown"
"CUST-1996",""
" CUST-1997 ","#N/A"
" CUST-1998 ","#N/A"
"CUST-1999","Ava Smith"
" CUST-2000 ","Liam Johnson"
"#N/A","Noah Williams"
"CUST-2002"," Noah Williams "
"CUST-2003","Liam Johnson"
"CUST-2004",""
"CUST-2005","Liam Smith"
" CUST-2006 ","Oliver Smith"
"CUST-2006","Oliver Smith"
"#N/A"," Ava Williams "
"CUST-2009","Oliver Smith"
"CUST-2010","Liam Johnson"
"CUST-2010","Liam Johnson"
"CUST-2012"," Ava Johnson "
"CUST-2012","Ava Johnson"
"CUST-2013","Liam Johnson"
"","Liam Williams"
"CUST-2016","Olivia Smith"
"CUST-2017","Ava Williams"
"CUST-2018",""
"CUST-2019","Ava Smith"
" CUST-2020 ","Olivia Johnson"
"CUST-2021","Noah Williams"
"CUST-2022",""
" CUST-2023 "," Emma Johnson "
"CUST-2023","Emma Johnson"
"CUST-2025","Emma Williams"
"CUST-2026","Emma Brown"
"CUST-2026","Emma Brown"
"CUST-2027","Oliver Johnson"
"CUST-2029","Olivia Williams"
"","Oliver Johnson"
" CUST-2031 ","Noah Smith"
"CUST-2032","Liam Smith"
"CUST-2033","Ava Brown"
"CUST-2034","Ava Brown"
"CUST-2035","Noah Williams"
"CUST-2035","Noah Williams"
"CUST-2037","Ava Johnson"
"",""
" CUST-2039 ",""
"CUST-2040","Liam Smith"
"CUST-2041","Olivia Brown"
" CUST-2042 ",""
"CUST-2043","Liam Brown"
"CUST-2044","Olivia Johnson"
"CUST-2045","Olivia Williams"
"CUST-2046","Noah Johnson"
"CUST-2047","Olivia Johnson"
"CUST-2048","Olivia Johnson"
"CUST-2049","Olivia Williams"
"CUST-2050","#N/A"
"CUST-2051","Oliver Johnson"
"CUST-2052","Olivia Williams"
"CUST-2053","Ava Brown"
"CUST-2054","Oliver Smith"
"CUST-2055","Liam Johnson"
"CUST-2056","Oliver Williams"
"CUST-2057","Ava Johnson"
"CUST-2057","Ava Johnson"
"CUST-2059","Noah Johnson"
"CUST-2060","Olivia Brown"
"CUST-2061","Noah Brown"
"CUST-2062","Noah Brown"
" CUST-2063 ","Oliver Brown"
" CUST-2064 ","Oliver Johnson"
"CUST-2064","Oliver Johnson"
"CUST-2066","#N/A"
"CUST-2066","Emma Brown"
"CUST-2068","Olivia Smith"
"CUST-2069","Liam Johnson"
"CUST-2069","Liam Johnson"
"","Noah Williams"
"CUST-2072"," Liam Brown "
"CUST-2072","Liam Brown"
"CUST-2074","Noah Brown"
"CUST-2075","Liam Johnson"
"CUST-2076","Noah Williams"
"CUST-2076","Noah Williams"
"CUST-2077","Noah Williams"
"CUST-2079","Ava Smith"
"CUST-2080","#N/A"
"CUST-2081"," Emma Brown "
"CUST-2081","Emma Brown"
"CUST-2083",""
" CUST-2084 ","Ava Johnson"
"CUST-2085",""
" CUST-2086 ","Ava Johnson"
"CUST-2087",""
"CUST-2088","Oliver Smith"
""," Noah Smith "
"CUST-2090","Oliver Johnson"
"CUST-2091"," Noah Williams "
""," Oliver Johnson "
" CUST-2093 ","Liam Brown"
"CUST-2094","Liam Johnson"
"CUST-2095","Olivia Smith"
" CUST-2096 ","Olivia Brown"
"#N/A"," Ava Williams "
"CUST-2097","Ava Williams"
"CUST-2099","Emma Johnson"
"CUST-2100"," Olivia Williams "
"","Liam Johnson"
"CUST-2102","Ava Brown"
"CUST-2102","Ava Brown"
"CUST-2104","Liam Williams"
"CUST-2105","Oliver Johnson"
"CUST-2106","Ava Smith"
"CUST-2107","Emma Smith"
"CUST-2107","Emma Smith"
"CUST-2109","Noah Williams"
"CUST-2110",""
" CUST-2111 ","Emma Johnson"
" CUST-2112 "," Oliver Brown "
"CUST-2113","Olivia Johnson"
"CUST-2113","Olivia Johnson"
"CUST-2115","Emma Brown"
"CUST-2115","Emma Brown"
"CUST-2117",""
"#N/A","Emma Williams"
" CUST-2119 ","Noah Williams"
" CUST-2120 ","Ava Johnson"
"CUST-2121","Olivia Williams"
"CUST-2122",""
"CUST-2123","Olivia Smith"
"CUST-2124","Olivia Johnson"
"CUST-2125","Emma Smith"
"CUST-2126","Olivia Smith"
"CUST-2127","Liam Brown"
"CUST-2128","Ava Williams"
" CUST-2129 ","Ava Johnson"
" CUST-2130 ","Olivia Smith"
"CUST-2131","Noah Brown"
"CUST-2131","Noah Brown"
"CUST-2133",""
"","Noah Smith"
" CUST-2135 "," Emma Johnson "
" CUST-2136 ","Noah Johnson"
"CUST-2137","#N/A"
"CUST-2138","Oliver Williams"
"CUST-2139","Noah Brown"
"CUST-2140"," Ava Johnson "
"CUST-2141","Ava Smith"
"CUST-2142","Ava Smith"
" CUST-2143 ","Olivia Johnson"
"CUST-2143","Olivia Johnson"
"CUST-2145","#N/A"
"CUST-2145","Liam Williams"
"CUST-2147","Liam Johnson"
"CUST-2148","Ava Smith"
"CUST-2148","Ava Smith"
"#N/A"," Liam Williams "
"CUST-2150","Liam Williams"
"","Noah Smith"
" CUST-2153 ","Oliver Smith"
"CUST-2154","Ava Johnson"
"CUST-2155","Olivia Johnson"
" CUST-2156 ","Noah Smith"
"CUST-2157","Ava Johnson"
"CUST-2158","Oliver Johnson"
"CUST-2159","#N/A"
"CUST-2160","Liam Williams"
"CUST-2161","Emma Johnson"
"CUST-2162"," Ava Smith "
"","Noah Brown"
"CUST-2164","#N/A"
" CUST-2165 ","Oliver Johnson"
" CUST-2166 ","Emma Smith"
"CUST-2167",""
"CUST-2167","Liam Johnson"
"","Noah Smith"
"CUST-2170","Oliver Smith"
"CUST-2171","Noah Johnson"
"CUST-2172","#N/A"
" CUST-2173 ",""
"CUST-2174","Liam Williams"
"CUST-2174","Liam Williams"
"CUST-2176"," Ava Williams "
"#N/A","Olivia Brown"
"CUST-2178","Emma Smith"
"CUST-2179","Emma Johnson"
"CUST-2180","Emma Williams"
"CUST-2181","Noah Smith"
"CUST-2182","Emma Johnson"
"CUST-2183"," Oliver Brown "
"CUST-2183","Oliver Brown"
"CUST-2184","Liam Johnson"
"CUST-2186"," Emma Smith "
"CUST-2187","Ava Johnson"
"CUST-2188","Oliver Smith"
"CUST-2189","Ava Smith"
"CUST-2190",""
"CUST-2191","Noah Williams"
"CUST-2192","Liam Williams"
"CUST-2193"," Ava Smith "
"CUST-2194"," Ava Brown "
"CUST-2195",""
"","Noah Johnson"
"CUST-2197","Noah Brown"
"CUST-2198","Ava Williams"
"CUST-2199","Liam Johnson"
"CUST-2200","Noah Williams"
"CUST-2201","Ava Williams"
"","Noah Johnson"
"CUST-2203","Liam Johnson"
"CUST-2204","Oliver Brown"
"CUST-2205",""
"CUST-2206","Emma Smith"
"CUST-2206","Emma Smith"
"CUST-2208","Liam Johnson"
"CUST-2209","Emma Williams"
"CUST-2210","Liam Johnson"
" CUST-2211 ","Noah Brown"
"CUST-2212"," Oliver Brown "
"CUST-2213","Oliver Brown"
"CUST-2214","#N/A"
"#N/A","Oliver Williams"
"CUST-2216","Olivia Smith"
" CUST-2217 ","Liam Smith"
"","Oliver Johnson"
"CUST-2219","Emma Williams"
"CUST-2220","Oliver Smith"
"CUST-2220","Oliver Smith"
"CUST-2222","Olivia Smith"
"",""
"#N/A","Oliver Smith"
"CUST-2225","Noah Smith"
"CUST-2225","Noah Smith"
"CUST-2226","Ava Brown"
"CUST-2228","Ava Brown"
" CUST-2229 ","Emma Brown"
"CUST-2229","Emma Brown"
"CUST-2231","Oliver Smith"
"CUST-2232","Liam Smith"
"","Emma Smith"
"CUST-2233","Emma Smith"
"CUST-2235"," Olivia Brown "
"CUST-2236","Emma Johnson"
"CUST-2237"," Oliver Williams "
"CUST-2237","Oliver Williams"
"CUST-2239"," Emma Williams "
"CUST-2240","Ava Johnson"
"CUST-2240","Ava Johnson"
"CUST-2242","Olivia Williams"
"CUST-2243","Olivia Brown"
"CUST-2244"," Ava Williams "
"CUST-2245","Olivia Williams"
"CUST-2246","Oliver Johnson"
"CUST-2247","Liam Smith"
"CUST-2248","Noah Johnson"
"CUST-2249",""
"CUST-2250"," Noah Brown "
"CUST-2250","Noah Brown"
"","Oliver Brown"
" CUST-2253 ","Liam Johnson"
"CUST-2254",""
"","Oliver Williams"
"CUST-2256","Ava Williams"
"CUST-2257","Olivia Smith"
"CUST-2258",""
" CUST-2259 ","Oliver Williams"
"CUST-2259","Oliver Williams"
"CUST-2260","Emma Smith"
"","Olivia Smith"
"CUST-2263","Noah Williams"
"CUST-2264","Olivia Johnson"
"CUST-2265","Liam Brown"
"CUST-2265","Liam Brown"
"CUST-2267","Olivia Brown"
"CUST-2268",""
""," Ava Brown "
"CUST-2270",""
"CUST-2271","#N/A"
" CUST-2272 ","Emma Johnson"
"CUST-2273","Emma Brown"
"CUST-2274","Liam Brown"
"","Liam Williams"
"CUST-2276","Emma Smith"
" CUST-2277 ","Olivia Williams"
" CUST-2278 "," Liam Johnson "
"CUST-2279","Emma Smith"
"CUST-2280","Olivia Williams"
"CUST-2280","Olivia Williams"
"CUST-2282","Emma Smith"
"CUST-2283","Noah Brown"
" CUST-2284 ","Ava Smith"
"CUST-2285","Liam Williams"
"CUST-2286",""
"CUST-2287"," Emma Smith "
" CUST-2288 ",""
" CUST-2289 ",""
"CUST-2289","Emma Smith"
"CUST-2291",""
" CUST-2292 ","Liam Smith"
"CUST-2292","Liam Smith"
"CUST-2293","Ava Smith"
"CUST-2295","Olivia Smith"
"CUST-2296","Olivia Williams"
"CUST-2296","Olivia Williams"
"CUST-2298","Emma Smith"
"CUST-2299","Olivia Smith"
"CUST-2300"," Olivia Williams "
"CUST-2301","Ava Smith"
"CUST-2302","Olivia Williams"
"CUST-2302","Olivia Williams"
"CUST-2304","Olivia Smith"
"","Oliver Williams"
"CUST-2306"," Liam Johnson "
"CUST-2307","Noah Smith"
"CUST-2307","Noah Smith"
" CUST-2309 "," Emma Johnson "
"","Noah Brown"
"CUST-2311","Noah Brown"
"CUST-2312","Liam Brown"
" CUST-2313 ","Oliver Smith"
"CUST-2314"," Noah Williams "
"CUST-2315","Emma Williams"
" CUST-2316 "," Ava Johnson "
" CUST-2317 ","Oliver Brown"
"CUST-2318",""
"CUST-2319","Noah Brown"
" CUST-2320 ",""
"CUST-2321","Noah Johnson"
"CUST-2322","Noah Williams"
"CUST-2323",""
"CUST-2324","Oliver Johnson"
"CUST-2325","Emma Johnson"
" CUST-2326 "," Oliver Johnson "
"CUST-2327","Ava Johnson"
"CUST-2328","Liam Brown"
"CUST-2329","Noah Smith"
"CUST-2330",""
"CUST-2331",""
"CUST-2332","Olivia Williams"
"#N/A"," Ava Williams "
"CUST-2334"," Emma Brown "
"CUST-2335","Emma Brown"
"CUST-2335","Emma Brown"
" CUST-2337 "," Ava Smith "
"CUST-2338"," Noah Williams "
"CUST-2339","Oliver Williams"
"CUST-2340","Ava Smith"
"CUST-2341","Olivia Smith"
"CUST-2341","Olivia Smith"
""," Ava Johnson "
"CUST-2344","Oliver Williams"
"","Olivia Johnson"
"CUST-2346","Olivia Smith"
"CUST-2347","Noah Brown"
"","Noah Williams"
"CUST-2349","Noah Johnson"
"CUST-2350","Emma Williams"
"CUST-2351","Liam Williams"
"CUST-2352","Olivia Williams"
"CUST-2353","#N/A"
"CUST-2354"," Noah Smith "
"CUST-2355","Oliver Brown"
"CUST-2356","Noah Brown"
"","Oliver Smith"
"CUST-2358"," Ava Brown "
"CUST-2358","Ava Brown"
"","Oliver Johnson"
"CUST-2361","Ava Williams"
"CUST-2362","Oliver Williams"
"CUST-2362","Oliver Williams"
"CUST-2364",""
"CUST-2365","Liam Johnson"
"CUST-2365","Liam Johnson"
"CUST-2367","Oliver Williams"
"",""
" CUST-2369 "," Olivia Smith "
"CUST-2370","#N/A"
"CUST-2371","Ava Williams"
"CUST-2372","Olivia Smith"
"CUST-2373","Ava Smith"
"CUST-2374","Olivia Williams"
"CUST-2375","Liam Brown"
"CUST-2376"," Emma Brown "
"","Oliver Smith"
"CUST-2378","Ava Williams"
"CUST-2379","Olivia Johnson"
"CUST-2380","Olivia Williams"
"CUST-2381",""
"CUST-2382","Olivia Johnson"
"CUST-2383","Ava Brown"
"CUST-2383","Ava Brown"
" CUST-2385 ",""
"CUST-2385","Ava Smith"
"CUST-2386","Emma Johnson"
"CUST-2388","Emma Williams"
"CUST-2389","Liam Johnson"
"","Liam Brown"
"CUST-2391"," Oliver Johnson "
"CUST-2392","Emma Williams"
"CUST-2392","Emma Williams"
"CUST-2394"," Noah Williams "
" CUST-2395 ","Noah Smith"
"CUST-2396","Noah Brown"
"CUST-2397","Olivia Williams"
"CUST-2398","Olivia Brown"
"CUST-2399","Emma Brown"
"CUST-2399","Emma Brown"
"CUST-2401","Emma Johnson"
"CUST-2402"," Emma Smith "
"CUST-2403","Emma Smith"
"CUST-2404","Noah Johnson"
"CUST-2404","Noah Johnson"
"CUST-2406","#N/A"
"CUST-2407"," Noah Smith "
"CUST-2408","Ava Williams"
"CUST-2409","Ava Johnson"
"CUST-2409","Ava Johnson"
"CUST-2410","Noah Smith"
"CUST-2412","Oliver Smith"
"CUST-2413","Noah Williams"
"CUST-2414","Ava Brown"
"CUST-2414","Ava Brown"
"#N/A",""
" CUST-2417 ",""
"CUST-2418","Emma Brown"
"","Olivia Brown"
"CUST-2420",""
"CUST-2421","Liam Williams"
" CUST-2422 ","Emma Brown"
"CUST-2423","Liam Smith"
"CUST-2424","Ava Brown"
"CUST-2425","Oliver Williams"
"CUST-2425","Oliver Williams"
"CUST-2426","Ava Williams"
"CUST-2428","Emma Williams"
"","Olivia Brown"
"CUST-2429","Olivia Brown"
"CUST-2431"," Oliver Williams "
"CUST-2432","Liam Brown"
"CUST-2433",""
"CUST-2434"," Olivia Smith "
"","Liam Johnson"
"CUST-2436",""
"CUST-2437","Oliver Williams"
" CUST-2438 ","Noah Williams"
" CUST-2439 ","Emma Williams"
"CUST-2439","Emma Williams"
"","Oliver Smith"
"CUST-2442","Liam Smith"
"","Oliver Williams"
"","Emma Smith"
"CUST-2444","Emma Smith"
"CUST-2446","Liam Williams"
"","Emma Williams"
"CUST-2448","Oliver Johnson"
"CUST-2448","Oliver Johnson"
"CUST-2449","Emma Smith"
"CUST-2451","Ava Brown"
"CUST-2452","Ava Williams"
"CUST-2453","#N/A"
"CUST-2453","Ava Williams"
"CUST-2455","Ava Johnson"
"CUST-2456","Noah Smith"
"","Oliver Johnson"
"CUST-2458","#N/A"
"CUST-2458","Olivia Johnson"
"CUST-2460","Noah Smith"
"CUST-2461"," Noah Williams "
"CUST-2462","Emma Smith"
"CUST-2463","#N/A"
"CUST-2464","Liam Smith"
"CUST-2465",""
"CUST-2466","Noah Johnson"
" CUST-2467 ",""
"CUST-2468","Oliver Williams"
"CUST-2469","Noah Smith"
"CUST-2470","Emma Smith"
"CUST-2471","Liam Brown"
" CUST-2472 ",""
"CUST-2473","Liam Brown"
"CUST-2474"," Olivia Johnson "
"CUST-2475","Liam Williams"
"CUST-2476",""
"CUST-2477"," Liam Johnson "
"CUST-2478"," Oliver Johnson "
"CUST-2479"," Olivia Brown "
" CUST-2480 ","Liam Smith"
"CUST-2480","Liam Smith"
" CUST-2482 ","Ava Johnson"
"#N/A","Oliver Williams"
"CUST-2484","Ava Brown"
"","Oliver Johnson"
"CUST-2486","Ava Johnson"
"CUST-2487",""
"CUST-2488","Olivia Brown"
"CUST-2489"," Liam Brown "
" CUST-2490 ","Emma Smith"
"CUST-2491","Liam Brown"
"CUST-2492","Oliver Brown"
"CUST-2493","Emma Johnson"
"CUST-2493","Emma Johnson"
"CUST-2494","Olivia Johnson"
"CUST-2496","#N/A"
"CUST-2497"," Olivia Smith "
"CUST-2498","Olivia Brown"
"","Emma Smith"
"CUST-2500","Noah Johnson"
"CUST-2501","Oliver Smith"
"CUST-2502","Ava Williams"
"CUST-2503","Olivia Williams"
"CUST-2504","Ava Smith"
"CUST-2504","Ava Smith"
"CUST-2506","Olivia Johnson"
"CUST-2507"," Noah Brown "
"CUST-2507","Noah Brown"
"CUST-2508","Liam Johnson"
"CUST-2510","Olivia Williams"
"CUST-2511","Liam Johnson"
"",""
"CUST-2513","Noah Johnson"
"CUST-2514",""
"CUST-2514","Olivia Williams"
"CUST-2516","Olivia Brown"
"CUST-2517","Olivia Johnson"
"","Olivia Williams"
"CUST-2518","Olivia Williams"
"CUST-2519","Ava Williams"
"CUST-2521","Emma Smith"
"CUST-2522","Olivia Johnson"
" CUST-2523 ","Noah Johnson"
"CUST-2524","Noah Johnson"
"CUST-2525",""
"CUST-2526",""
"CUST-2527","#N/A"
"CUST-2528","Ava Williams"
"CUST-2529","Ava Johnson"
"","#N/A"
" CUST-2531 ","Liam Johnson"
"","Oliver Smith"
"CUST-2533","Olivia Brown"
"CUST-2533","Olivia Brown"
"",""
"CUST-2535","Noah Smith"
"CUST-2536","Emma Brown"
"CUST-2538","Olivia Smith"
"CUST-2539","Emma Brown"
"CUST-2540","Olivia Smith"
"CUST-2541"," Noah Brown "
" CUST-2542 ","Ava Brown"
"CUST-2543","Olivia Williams"
"CUST-2544"," Noah Johnson "
"CUST-2545",""
"","Emma Johnson"
"CUST-2547",""
"CUST-2547","Oliver Brown"
"CUST-2549","Olivia Williams"
"CUST-2550","Noah Johnson"
"CUST-2551","Emma Johnson"
"CUST-2552","Olivia Smith"
"CUST-2553","Emma Johnson"
"CUST-2554","Liam Brown"
"#N/A","Oliver Brown"
"CUST-2556","Olivia Smith"
"CUST-2557","Oliver Williams"
"CUST-2558","Oliver Brown"
"",""
"CUST-2560","Ava Smith"
"CUST-2561","Liam Brown"
"CUST-2561","Liam Brown"
"CUST-2563","Ava Brown"
"CUST-2564","Emma Johnson"
"CUST-2565","Oliver Williams"
"CUST-2565","Oliver Williams"
"CUST-2567","Liam Williams"
"CUST-2568","Noah Johnson"
"CUST-2568","Noah Johnson"
"CUST-2570"," Oliver Williams "
"",""
"CUST-2572"," Ava Smith "
"CUST-2573","Olivia Smith"
"CUST-2574",""
"CUST-2575","Oliver Williams"
" CUST-2576 ","Noah Williams"
"CUST-2576","Noah Williams"
"CUST-2578","Emma Brown"
"CUST-2579","Noah Smith"
"CUST-2580"," Liam Williams "
"CUST-2581","Ava Smith"
"CUST-2581","Ava Smith"
"#N/A","Ava Brown"
"CUST-2584","Olivia Smith"
"CUST-2585","Liam Williams"
"CUST-2586"," Ava Brown "
"CUST-2587","Noah Williams"
"CUST-2587","Noah Williams"
"CUST-2588","Noah Williams"
"CUST-2590","Emma Johnson"
"CUST-2591",""
"CUST-2591","Olivia Smith"
"CUST-2593"," Olivia Williams "
"CUST-2594","Noah Smith"
"CUST-2594","Noah Smith"
"CUST-2596","Olivia Williams"
"CUST-2597","Liam Brown"
"CUST-2598","Noah Brown"
"CUST-2599","Liam Brown"
"CUST-2600","Noah Brown"
"CUST-2601","Oliver Williams"
" CUST-2602 "," Noah Smith "
"CUST-2603"," Emma Johnson "
"","Emma Brown"
"CUST-2605","Noah Williams"
"CUST-2606"," Liam Williams "
"CUST-2607","Olivia Johnson"
"CUST-2608","Emma Smith"
" CUST-2609 ","Emma Johnson"
"CUST-2610","Liam Brown"
"CUST-2611","Ava Williams"
"","Oliver Williams"
" CUST-2613 ","Emma Smith"
"CUST-2614","Oliver Smith"
"CUST-2615","Olivia Williams"
" CUST-2616 ","Liam Brown"
"CUST-2616","Liam Brown"
"CUST-2618","Olivia Williams"
"","Emma Johnson"
"CUST-2620","#N/A"
"CUST-2621","Noah Johnson"
" CUST-2622 ","Emma Johnson"
"CUST-2623","Olivia Brown"
"CUST-2623","Olivia Brown"
"CUST-2625","Olivia Smith"
"CUST-2626","Emma Williams"
"CUST-2627","Oliver Johnson"
"#N/A","Liam Johnson"
"CUST-2629","Olivia Brown"
"CUST-2630","Oliver Williams"
" CUST-2631 ","Oliver Brown"
"CUST-2632","Ava Smith"
"CUST-2633","Liam Brown"
"CUST-2634","Emma Johnson"
"CUST-2635","Emma Brown"
"CUST-2636","Oliver Brown"
"CUST-2636","Oliver Brown"
"CUST-2637","Noah Johnson"
"CUST-2639","Oliver Williams"
"CUST-2639","Oliver Williams"
"CUST-2641","#N/A"
"CUST-2642","#N/A"
"CUST-2643"," Ava Williams "
"",""
"CUST-2645",""
"CUST-2646",""
"CUST-2647","Emma Johnson"
"CUST-2648","Olivia Brown"
"CUST-2649","Ava Brown"
"CUST-2650"," Ava Williams "
"","Liam Johnson"
" CUST-2652 ","Emma Brown"
"CUST-2653","Liam Williams"
"CUST-2654"," Noah Brown "
"CUST-2655"," Olivia Smith "
"CUST-2655","Olivia Smith"
"CUST-2657","Olivia Williams"
"CUST-2658","Liam Smith"
"CUST-2658","Liam Smith"
"CUST-2659","Emma Smith"
"CUST-2661","Liam Johnson"
"CUST-2662","Liam Smith"
"",""
"CUST-2664","Liam Williams"
"CUST-2664","Liam Williams"
"CUST-2666"," Emma Williams "
"CUST-2667","Ava Smith"
"CUST-2668","Oliver Williams"
"CUST-2668","Oliver Williams"
"CUST-2670","Olivia Brown"
"CUST-2670","Olivia Brown"
"CUST-2672","Olivia Smith"
"CUST-2673","Olivia Williams"
" CUST-2674 ","Oliver Johnson"
"CUST-2675","Noah Brown"
"","Olivia Johnson"
"CUST-2677"," Noah Williams "
"CUST-2677","Noah Williams"
" CUST-2679 ","Emma Brown"
"CUST-2680","Olivia Johnson"
"CUST-2681","Liam Brown"
"CUST-2682","Olivia Brown"
"CUST-2683","Noah Smith"
" CUST-2684 ","Ava Williams"
"CUST-2685","Oliver Johnson"
"CUST-2685","Oliver Johnson"
"CUST-2686","Noah Williams"
"CUST-2688","Noah Williams"
"CUST-2689"," Ava Johnson "
"CUST-2690","Noah Brown"
"CUST-2691","Oliver Johnson"
"CUST-2692","Liam Brown"
"CUST-2692","Liam Brown"
"CUST-2693","Noah Williams"
"CUST-2695","Noah Brown"
"CUST-2696","Oliver Brown"
"CUST-2697","Liam Williams"
"CUST-2697","Liam Williams"
"","Ava Johnson"
"CUST-2700","Oliver Johnson"
"CUST-2701","Liam Williams"
"CUST-2702","Olivia Smith"
"CUST-2703","Ava Williams"
"CUST-2703","Ava Williams"
"CUST-2705","Olivia Smith"
"CUST-2706","Emma Johnson"
"#N/A","Liam Brown"
"CUST-2708","Emma Williams"
"CUST-2708","Emma Williams"
"CUST-2710","Ava Brown"
" CUST-2711 ","Emma Brown"
"CUST-2712"," Emma Brown "
" CUST-2713 ","Ava Brown"
"#N/A","Ava Williams"
"CUST-2715","Ava Brown"
" CUST-2716 ","Emma Williams"
"","Olivia Brown"
"CUST-2718",""
"CUST-2718","Noah Williams"
"CUST-2720",""
"","Liam Williams"
"CUST-2722","Olivia Brown"
"CUST-2722","Olivia Brown"
"CUST-2724"," Olivia Brown "
" CUST-2725 ","Olivia Smith"
"CUST-2726","Oliver Johnson"
"CUST-2727","Olivia Smith"
" CUST-2728 ","Ava Smith"
"CUST-2729","Ava Smith"
"CUST-2730","Emma Smith"
"CUST-2731","Olivia Johnson"
"","Noah Smith"
"CUST-2733","Emma Johnson"
"CUST-2734","Emma Brown"
" CUST-2735 ","Emma Smith"
"CUST-2736"," Liam Brown "
"CUST-2736","Liam Brown"
"CUST-2738","Liam Smith"
"CUST-2739","Ava Williams"
"CUST-2740",""
"CUST-2741","Emma Brown"
"CUST-2741","Emma Brown"
"CUST-2743","Emma Smith"
"CUST-2744","Olivia Smith"
"CUST-2745",""
"","Noah Williams"
"CUST-2747"," Ava Brown "
"CUST-2748","Ava Smith"
"CUST-2749","Liam Johnson"
"CUST-2749","Liam Johnson"
"CUST-2751"," Ava Brown "
"CUST-2751","Ava Brown"
"CUST-2753"," Ava Williams "
"CUST-2754","Ava Smith"
"CUST-2755",""
"CUST-2756","Noah Johnson"
"CUST-2757"," Ava Brown "
" CUST-2758 "," Liam Williams "
"","#N/A"
"CUST-2760","Oliver Johnson"
"CUST-2761","#N/A"
"CUST-2762","Noah Smith"
" CUST-2763 ","Noah Brown"
"CUST-2764",""
"CUST-2765",""
"CUST-2766"," Oliver Williams "
"CUST-2767","Liam Williams"
"CUST-2768","Olivia Johnson"
"CUST-2769","Noah Smith"
" CUST-2770 ","Ava Williams"
" CUST-2771 ",""
"CUST-2771","Olivia Smith"
" CUST-2773 "," Emma Williams "
"CUST-2773","Emma Williams"
"CUST-2775","Ava Williams"
"CUST-2775","Ava Williams"
"CUST-2777","Ava Williams"
"CUST-2778","Olivia Johnson"
"CUST-2779","Olivia Brown"
"CUST-2780","Olivia Williams"
"CUST-2781","Ava Johnson"
" CUST-2782 "," Olivia Johnson "
"CUST-2783",""
"CUST-2784","#N/A"
"CUST-2785","Liam Williams"
"CUST-2785","Liam Williams"
"CUST-2786","Liam Johnson"
"CUST-2788","Noah Smith"
"CUST-2789","Liam Brown"
"CUST-2790"," Olivia Brown "
"CUST-2791","Emma Brown"
"CUST-2792"," Olivia Williams "
"CUST-2792","Olivia Williams"
"CUST-2793","Liam Brown"
"CUST-2795","Noah Williams"
" CUST-2796 ","Emma Smith"
"CUST-2797","Liam Brown"
"CUST-2798","Noah Smith"
"CUST-2799","Noah Smith"
"CUST-2800","Emma Johnson"
"CUST-2801","Emma Brown"
"CUST-2802","Ava Smith"
"CUST-2802","Ava Smith"
"#N/A","Oliver Smith"
"CUST-2805","Emma Williams"
"CUST-2806","Ava Johnson"
"CUST-2807"," Emma Brown "
"CUST-2808"," Noah Williams "
"CUST-2809","Olivia Johnson"
"CUST-2810","Olivia Brown"
"CUST-2811","Liam Williams"
"CUST-2811","Liam Williams"
"CUST-2813",""
"CUST-2813","Emma Smith"
"CUST-2815","Olivia Smith"
"CUST-2815","Olivia Smith"
"CUST-2817","Oliver Brown"
"CUST-2818","Liam Johnson"
"CUST-2819","Oliver Johnson"
"CUST-2820","Olivia Johnson"
"CUST-2821","Noah Johnson"
"CUST-2821","Noah Johnson"
"CUST-2823","Oliver Brown"
" CUST-2824 ",""
"CUST-2825","#N/A"
"CUST-2826","Noah Smith"
"CUST-2827","Oliver Williams"
"CUST-2828","Emma Johnson"
"CUST-2829",""
"CUST-2830","Ava Johnson"
"CUST-2830","Ava Johnson"
"CUST-2831","Olivia Williams"
"CUST-2833","#N/A"
"CUST-2834"," Noah Smith "
"CUST-2835","Liam Brown"
"CUST-2836","Noah Johnson"
"CUST-2837","Olivia Brown"
"CUST-2837","Olivia Brown"
"CUST-2839","Liam Brown"
"CUST-2840","Oliver Smith"
"CUST-2841","Olivia Johnson"
"CUST-2842","Noah Smith"
"CUST-2843",""
"CUST-2844","#N/A"
"CUST-2845","Olivia Williams"
"CUST-2846"," Oliver Brown "
"","Noah Johnson"
"CUST-2848","Olivia Johnson"
"CUST-2849","Olivia Smith"
"CUST-2849","Olivia Smith"
""," Emma Williams "
"CUST-2852","Ava Johnson"
"CUST-2853","Liam Smith"
"","#N/A"
"CUST-2855","Emma Williams"
"CUST-2856","Liam Williams"
"CUST-2857","Liam Smith"
"",""
"CUST-2859","#N/A"
"CUST-2860"," Olivia Smith "
" CUST-2861 ","Emma Johnson"
"CUST-2861","Emma Johnson"
" CUST-2863 ","Ava Smith"
"CUST-2863","Ava Smith"
"CUST-2864","Emma Brown"
" CUST-2866 ","Oliver Smith"
"CUST-2867","Emma Brown"
"","Emma Williams"
" CUST-2869 ","Liam Johnson"
"CUST-2870","Ava Williams"
"CUST-2871","Noah Williams"
"CUST-2871","Noah Williams"
"CUST-2872","Olivia Brown"
"CUST-2874","Oliver Johnson"
"#N/A"," Oliver Smith "
"CUST-2876","Ava Williams"
"CUST-2877","Ava Williams"
"#N/A","Emma Smith"
"CUST-2879","Liam Smith"
"","Noah Johnson"
"CUST-2881","Emma Brown"
"CUST-2882","Noah Johnson"
"CUST-2882","Noah Johnson"
"CUST-2884",""
" CUST-2885 ","Olivia Johnson"
"CUST-2886","Oliver Williams"
"CUST-2887","Ava Johnson"
"CUST-2888",""
"CUST-2889","Oliver Johnson"
"CUST-2889","Oliver Johnson"
"CUST-2890","Liam Johnson"
"CUST-2892"," Olivia Smith "
"CUST-2893","Noah Johnson"
"CUST-2894","Olivia Brown"
"CUST-2895","Noah Smith"
"CUST-2896","Olivia Williams"
"CUST-2896","Olivia Williams"
"CUST-2897","Emma Brown"
"CUST-2898","Emma Johnson"
"CUST-2900","#N/A"
"CUST-2901","#N/A"
"CUST-2902","Ava Smith"
"","Ava Brown"
"CUST-2903","Ava Brown"
"CUST-2904","Olivia Brown"
"CUST-2906","Oliver Brown"
"CUST-2907","Oliver Smith"
"CUST-2908","Liam Brown"
" CUST-2909 ","Noah Williams"
"CUST-2910",""
"CUST-2911","Emma Brown"
"CUST-2912","Liam Smith"
"CUST-2913"," Oliver Brown "
"CUST-2914","Ava Williams"
"CUST-2914","Ava Williams"
"CUST-2915","Emma Johnson"
"CUST-2917","Ava Johnson"
"CUST-2918","Liam Johnson"
"CUST-2918","Liam Johnson"
"CUST-2920"," Olivia Johnson "
"CUST-2920","Olivia Johnson"
"CUST-2922"," Noah Smith "
"#N/A","Olivia Johnson"
"CUST-2924"," Emma Brown "
"CUST-2925","Ava Smith"
"CUST-2926","Emma Brown"
"CUST-2927","Liam Williams"
"CUST-2927","Liam Williams"
" CUST-2929 ","Olivia Smith"
"CUST-2930","Noah Smith"
" CUST-2931 ",""
"CUST-2932","Noah Brown"
"CUST-2932","Noah Brown"
"CUST-2934","Oliver Johnson"
"CUST-2934","Oliver Johnson"
" CUST-2936 "," Emma Smith "
"CUST-2937","Olivia Smith"
"CUST-2938","Noah Williams"
"#N/A","Emma Smith"
"CUST-2940","Liam Brown"
"CUST-2941"," Olivia Williams "
"CUST-2942","Liam Williams"
"CUST-2943","Liam Williams"
" CUST-2944 ","Oliver Smith"
"#N/A","Liam Brown"
"",""
"","Noah Johnson"
"CUST-2948","Olivia Smith"
"CUST-2949","Noah Brown"
" CUST-2950 ","Emma Johnson"
"","Ava Williams"
"CUST-2952","Liam Brown"
"CUST-2953","Noah Williams"
"CUST-2954","Liam Johnson"
"CUST-2955","Liam Smith"
"CUST-2956","Noah Williams"
"CUST-2957","Liam Johnson"
"CUST-2958","Noah Williams"
"CUST-2958","Noah Williams"
"CUST-2960","Emma Johnson"
"CUST-2961","Ava Johnson"
"CUST-2962","Oliver Smith"
"CUST-2963","Oliver Smith"
"CUST-2963","Oliver Smith"
"CUST-2965","Noah Johnson"
"CUST-2965","Noah Johnson"
"CUST-2967","Noah Johnson"
"CUST-2968","Olivia Smith"
"CUST-2969","Olivia Johnson"
" CUST-2970 ","Liam Johnson"
" CUST-2971 ",""
" CUST-2972 ",""
"CUST-2973","Olivia Williams"
"CUST-2974","Liam Johnson"
"CUST-2975","Noah Johnson"
"CUST-2975","Noah Johnson"
"#N/A"," Liam Johnson "
"CUST-2978","Ava Johnson"
"CUST-2979","Olivia Smith"
"","Oliver Smith"
"CUST-2981","Olivia Williams"
"CUST-2981","Olivia Williams"
" CUST-2983 ","Liam Johnson"
"","Liam Williams"
"CUST-2985","Ava Johnson"
"CUST-2986"," Olivia Williams "
"CUST-2987","Liam Smith"
"CUST-2987","Liam Smith"
"CUST-2988","Olivia Johnson"
"CUST-2990"," Oliver Brown "
"CUST-2990","Oliver Brown"
"CUST-2992","Emma Johnson"
"CUST-2993",""
"CUST-2994","Liam Williams"
"CUST-2995","Liam Brown"
"#N/A"," Ava Smith "
"CUST-2997","Oliver Johnson"
"CUST-2998","Oliver Smith"
"CUST-2999","Emma Smith"
"CUST-2999","Emma Smith"