LoyaltyID,CustomerID,Tier,Points
"LOYAL-1","CUST-1002","Silver","1222"
"LOYAL-2","","Silver","257"
"LOYAL-3","CUST-1004","Bronze","4552"
"LOYAL-4",""," Bronze ",""
"","CUST-1009","Silver","525"
"","","","1390"
"LOYAL-7"," CUST-1011 ","Gold","2545"
""," CUST-1013 ","","3394"
"","CUST-1014","Silver","4878"
" LOYAL-10 ","CUST-1015","Gold","3817"
" LOYAL-11 ","CUST-1017","Bronze","3980"
" LOYAL-12 "," CUST-1018 "," Silver ","3216"
"LOYAL-13","#N/A","Silver","2087"
" LOYAL-14 ","CUST-1020","Gold","4491"
"LOYAL-15","CUST-1022"," Gold ","2481"
"LOYAL-16"," CUST-1025 ","Bronze","4217"
"LOYAL-16","CUST-1025","Bronze","4217"
"LOYAL-18"," CUST-1029 "," Bronze ","2868"
"LOYAL-19","CUST-1030","Gold","3085"
" LOYAL-20 ","CUST-1031","Gold","102"
"LOYAL-21","CUST-1032","Gold","2366"
"LOYAL-22","CUST-1033","#N/A","52"
"LOYAL-23","CUST-1034","Bronze","3660"
" LOYAL-24 ","CUST-1035","Gold","2749"
"LOYAL-25","","","2979"
"LOYAL-26","CUST-1038","Gold","2072"
" LOYAL-27 "," CUST-1039 ","Bronze","1299"
"LOYAL-28","CUST-1041","","2637"
" LOYAL-29 "," CUST-1042 "," Bronze ","1026"
" LOYAL-30 ","CUST-1044","Gold","3179"
"LOYAL-30","CUST-1044","Gold","3179"
" LOYAL-32 ","CUST-1048","Silver","1728"
"","CUST-1049","Gold","2500"
"LOYAL-34","CUST-1051","Gold","343"
"LOYAL-35","","","3609"
"LOYAL-36"," CUST-1056 "," Gold ","1918"
" LOYAL-37 ","CUST-1057"," Silver ","3072"
"LOYAL-38","CUST-1058","",""
"LOYAL-39","","Bronze","61"
"LOYAL-40","CUST-1064","Gold","2551"
"LOYAL-41"," CUST-1066 ","Bronze","1530"
"LOYAL-42"," CUST-1067 ","Silver","3334"
"LOYAL-43","CUST-1068","Silver","4028"
"LOYAL-44","CUST-1070","Bronze","512"
"LOYAL-45","CUST-1071","","3584"
"LOYAL-46","CUST-1074","Gold",""
"#N/A","CUST-1076","Bronze","1771"
"LOYAL-48"," CUST-1078 ","Gold","4060"
"LOYAL-49","CUST-1079","Bronze","2044"
"LOYAL-50","CUST-1080","Bronze","3223"
"LOYAL-51","CUST-1081","Silver","2261"
"LOYAL-52","CUST-1082","Silver","1622"
"LOYAL-53",""," Bronze ","3078"
"LOYAL-54","#N/A","Silver","4530"
" LOYAL-55 ","CUST-1087","#N/A","940"
"LOYAL-56","CUST-1090","Bronze","4689"
"LOYAL-57",""," Silver ","979"
"LOYAL-58"," CUST-1092 ","","1900"
"","","Gold","414"
"LOYAL-60","CUST-1094","Bronze","1883"
"LOYAL-61","CUST-1095"," Gold ","4982"
"LOYAL-62","","Silver","636"
"LOYAL-63","CUST-1099","Bronze","4221"
"LOYAL-64"," CUST-1101 ","Bronze","2454"
"LOYAL-65","#N/A","Bronze","4412"
"LOYAL-66","CUST-1104"," Gold ","2396"
"LOYAL-66","CUST-1104","Gold","2396"
"LOYAL-68","#N/A","Bronze",""
"LOYAL-69","CUST-1108","Bronze","3628"
"","CUST-1111","Gold","416"
"LOYAL-71","CUST-1113","Bronze","1071"
"LOYAL-72","CUST-1115","","3257"
"LOYAL-73","CUST-1116","Silver","2627"
"LOYAL-74","","Silver","4480"
"LOYAL-75","CUST-1119","",""
"LOYAL-76","CUST-1120","Silver","3902"
"LOYAL-77","CUST-1121"," Silver ","2965"
"LOYAL-78","#N/A","Gold","169"
" LOYAL-79 ","CUST-1124","Silver","4963"
"LOYAL-80","CUST-1127","Silver","3090"
"LOYAL-81","CUST-1128"," Gold ","2706"
"LOYAL-82","","Gold","470"
"LOYAL-83","CUST-1133","Silver","2657"
"","CUST-1134","Gold","626"
"LOYAL-85","CUST-1136","Silver","4170"
"LOYAL-85","CUST-1136","Silver","4170"
"LOYAL-87","","Silver","4818"
"LOYAL-88","CUST-1140","Gold","352"
" LOYAL-89 ","CUST-1141","Gold","2956"
" LOYAL-90 ","CUST-1142","Silver","1509"
"LOYAL-91","CUST-1144","Gold","2974"
" LOYAL-92 ","CUST-1145","Gold","1482"
"LOYAL-92","CUST-1145","Gold","1482"
"LOYAL-94"," CUST-1147 ","Silver","3847"
"LOYAL-95","CUST-1148"," Silver ","4203"
"LOYAL-96","","Bronze","2901"
"LOYAL-97"," CUST-1151 ","Gold","1326"
"LOYAL-98"," CUST-1153 ","Gold","833"
"LOYAL-99","CUST-1157","Gold","1507"
"LOYAL-100","CUST-1158","Bronze","3121"
" LOYAL-101 ","#N/A","Bronze","2658"
" LOYAL-102 ","CUST-1163","Silver","1495"
"LOYAL-102","CUST-1163","Silver","1495"
"LOYAL-104"," CUST-1167 ","","3162"
"LOYAL-104","CUST-1167","Silver","3162"
"","CUST-1172","Gold","4538"
"LOYAL-107","CUST-1173","Bronze","2329"
"","","Gold","3550"
"","CUST-1176","Silver","1523"
" LOYAL-110 ","CUST-1177","Gold","2353"
"LOYAL-110","CUST-1177","Gold","2353"
"LOYAL-112","CUST-1179","Gold","455"
"LOYAL-112","CUST-1179","Gold","455"
"LOYAL-114","CUST-1183","Bronze","127"
"#N/A","CUST-1185","Gold",""
"LOYAL-116"," CUST-1186 "," Silver ","4649"
"LOYAL-117","CUST-1187","Gold","4015"
"LOYAL-117","CUST-1187","Gold","4015"
"#N/A","CUST-1190","Gold","4498"
"LOYAL-120","CUST-1192","Bronze","4621"
"LOYAL-121","CUST-1194","Gold","4080"
"LOYAL-122","CUST-1195","Silver","2762"
"LOYAL-123","CUST-1196","Gold","1109"
"LOYAL-124","CUST-1199","Silver","267"
"LOYAL-125","CUST-1202","Silver","1248"
"LOYAL-126","","Silver","1666"
"LOYAL-127","CUST-1205"," Bronze ","1191"
"LOYAL-128","CUST-1206","Gold","1931"
"LOYAL-129","CUST-1207"," Gold ","3176"
"","CUST-1208","Gold","732"
"LOYAL-130","CUST-1208","Gold","732"
"LOYAL-132","CUST-1210","Silver","1473"
"LOYAL-133"," CUST-1211 "," Gold ","3230"
"","CUST-1212","Bronze",""
"LOYAL-135"," CUST-1213 ","","2163"
"LOYAL-136","CUST-1218"," Bronze ","4469"
"LOYAL-137","CUST-1221","#N/A","2172"
"LOYAL-138"," CUST-1222 ","Silver","3858"
"","CUST-1223","Bronze","4516"
"LOYAL-140","CUST-1224","#N/A","4587"
"LOYAL-141","CUST-1225","Gold","4341"
"LOYAL-142","CUST-1227","Bronze","3790"
"LOYAL-143","CUST-1228","Bronze","1534"
"LOYAL-143","CUST-1228","Bronze","1534"
"LOYAL-144","CUST-1229","Gold","721"
"LOYAL-146","CUST-1232","Gold","2773"
" LOYAL-147 ","CUST-1233","Bronze","4121"
"LOYAL-148","CUST-1234","Gold","2480"
"LOYAL-148","CUST-1234","Gold","2480"
"LOYAL-150","CUST-1236","Gold",""
"LOYAL-151","CUST-1238","Bronze","1083"
"LOYAL-152","CUST-1240","Gold","4889"
"LOYAL-153","CUST-1242"," Gold ","4915"
"LOYAL-154","CUST-1244"," Silver ","628"
"LOYAL-155","CUST-1245","Bronze","186"
"LOYAL-156"," CUST-1246 ","Gold",""
"LOYAL-157","CUST-1247","Bronze","3973"
"","CUST-1248","Silver","1050"
"LOYAL-158","CUST-1248","Silver","1050"
"LOYAL-160","CUST-1250","Bronze","3624"
"","CUST-1251","Bronze","4103"
"LOYAL-162","CUST-1252"," Bronze ","2250"
"LOYAL-163","CUST-1254","Silver","1815"
"LOYAL-164","CUST-1255"," Silver ",""
" LOYAL-165 ","CUST-1256"," Bronze ","3748"
"LOYAL-166","CUST-1258","Bronze",""
"LOYAL-167","CUST-1259","Gold",""
" LOYAL-168 ","CUST-1261","Silver","577"
"LOYAL-169","CUST-1262","Gold","4534"
"LOYAL-170","CUST-1263","Silver","4140"
"LOYAL-171","CUST-1264","Silver","2867"
"LOYAL-172","CUST-1266","Silver","2425"
" LOYAL-173 ","CUST-1269","Bronze","3796"
"","CUST-1271","Bronze","1844"
"LOYAL-175"," CUST-1272 ","Bronze","3669"
"LOYAL-176","CUST-1275","Silver","1889"
"LOYAL-177","CUST-1277","Gold","4780"
"LOYAL-178","CUST-1278","Gold","4319"
"LOYAL-178","CUST-1278","Gold","4319"
"LOYAL-180"," CUST-1283 ","Bronze","4996"
" LOYAL-181 ","","Gold","3037"
"LOYAL-182","","Gold","2115"
"LOYAL-182","CUST-1285","Gold","2115"
"LOYAL-184","CUST-1293","Gold","675"
"LOYAL-185","CUST-1294","Gold","157"
"LOYAL-186","CUST-1297","Bronze","1902"
"#N/A","CUST-1298","Bronze","272"
"LOYAL-188",""," Gold ","4506"
"LOYAL-189","CUST-1301"," Bronze ","4347"
"LOYAL-190","CUST-1302","","4733"
"","CUST-1303","Silver","2789"
"","CUST-1304"," Bronze ","1515"
"LOYAL-193","CUST-1305"," Bronze ",""
"LOYAL-193","CUST-1305","Bronze","324"
"LOYAL-195","CUST-1307","Bronze","2339"
"LOYAL-196","CUST-1309","Bronze","975"
"","CUST-1310","Gold","3500"
" LOYAL-198 ","","Bronze","3122"
"LOYAL-199","#N/A","Gold","4726"
"LOYAL-200","","","3956"
" LOYAL-201 ","CUST-1315","Silver","3454"
" LOYAL-202 ","CUST-1318","Silver","468"
"LOYAL-202","CUST-1318","Silver","468"
"LOYAL-204","CUST-1326","Bronze","4728"
"LOYAL-205","CUST-1327","Gold",""
" LOYAL-206 ","CUST-1328"," Gold ","2485"
"LOYAL-207","CUST-1330"," Silver ",""
"LOYAL-208","CUST-1331","Silver","285"
"LOYAL-209","","Bronze","4105"
" LOYAL-210 ","CUST-1334","Silver",""
" LOYAL-211 "," CUST-1336 ","Gold","3390"
"LOYAL-212","CUST-1343","Silver",""
" LOYAL-213 ","","Bronze","3844"
"","CUST-1345","Bronze","1688"
"LOYAL-215","CUST-1349","Silver","3973"
"LOYAL-216"," CUST-1350 ","Gold","2624"
"LOYAL-217"," CUST-1351 ","Gold","683"
"LOYAL-218"," CUST-1354 ","",""
"LOYAL-219","CUST-1355","#N/A","4472"
" LOYAL-220 ","CUST-1358"," Bronze ",""
"LOYAL-221","CUST-1359","Silver","3552"
"LOYAL-222","CUST-1362"," Silver ","596"
"LOYAL-223"," CUST-1363 ","Silver","4468"
"LOYAL-224"," CUST-1364 "," Gold ","2714"
"LOYAL-225","CUST-1365","Silver","1319"
"LOYAL-226","CUST-1366","Gold","218"
"","CUST-1367","",""
"LOYAL-227","CUST-1367","Gold","4417"
"LOYAL-228","CUST-1368","Gold","4193"
" LOYAL-230 "," CUST-1376 ","","1765"
"LOYAL-230","CUST-1376","Silver","1765"
"LOYAL-232","CUST-1378","Gold","1315"
"LOYAL-233","CUST-1380","Silver",""
"","CUST-1383","","2432"
" LOYAL-235 ","CUST-1384","#N/A","2648"
" LOYAL-236 ","CUST-1387","Bronze","3120"
"LOYAL-237","CUST-1389","Silver","2010"
"LOYAL-238","CUST-1391","Gold","1244"
"LOYAL-239"," CUST-1392 ","Bronze","2421"
"LOYAL-240","CUST-1393","Bronze","3118"
"","CUST-1394"," Gold ","2521"
"LOYAL-241","CUST-1394","Gold","2521"
"LOYAL-243","","Silver","2269"
"#N/A","CUST-1400","Gold","4062"
"LOYAL-245","CUST-1401"," Silver ","1909"
"LOYAL-246","CUST-1402","Silver",""
"LOYAL-247","#N/A","Gold","1017"
"LOYAL-248","CUST-1406","Silver","1458"
" LOYAL-249 ","CUST-1407","","2754"
"LOYAL-250","CUST-1408","Silver","3133"
"LOYAL-251"," CUST-1410 ","#N/A","402"
"LOYAL-252","","Silver","3335"
"LOYAL-253","CUST-1416","","1281"
"LOYAL-254","CUST-1417","Silver","3693"
"LOYAL-255","CUST-1418","Gold","3984"
"LOYAL-256","CUST-1424"," Silver ","692"
"LOYAL-257","CUST-1426","Bronze","109"
"LOYAL-258","CUST-1430","Silver","3563"
"LOYAL-259","","Bronze","3074"
"LOYAL-260","CUST-1432","#N/A",""
"LOYAL-261","CUST-1437"," Gold ","166"
"LOYAL-262","CUST-1438","Silver","220"
"LOYAL-263","CUST-1439"," Bronze ","1347"
"LOYAL-264","CUST-1440","Gold",""
"LOYAL-264","CUST-1440","Gold","203"
"LOYAL-266","","Bronze","1737"
" LOYAL-267 "," CUST-1443 ","Bronze","1962"
"LOYAL-268","CUST-1444","","2114"
"LOYAL-269","CUST-1447","Gold","1175"
"LOYAL-269","CUST-1447","Gold","1175"
"LOYAL-271","CUST-1449","",""
"","","Bronze","672"
"LOYAL-272","CUST-1450","Bronze","672"
"","CUST-1453","Bronze","3195"
"LOYAL-275"," CUST-1455 ","Bronze","1322"
"LOYAL-276","CUST-1458","Gold",""
"LOYAL-277","CUST-1462","Bronze","2463"
"LOYAL-278","CUST-1463","Silver","4775"
" LOYAL-279 ","CUST-1465","Silver","3256"
"LOYAL-280","CUST-1466","#N/A","286"
"LOYAL-281","CUST-1467","Gold","4425"
"LOYAL-282","#N/A","Bronze","387"
"LOYAL-282","CUST-1471","Bronze","387"
" LOYAL-284 ","CUST-1476","Gold","3204"
"LOYAL-285"," CUST-1477 ","Gold","3920"
" LOYAL-286 ","CUST-1478","Gold",""
" LOYAL-287 ","CUST-1480","Gold","4517"
"LOYAL-288","","","2951"
"LOYAL-289","CUST-1493"," Silver ","3315"
"LOYAL-290","CUST-1495","Gold","2242"
"LOYAL-291","CUST-1496","Silver","4520"
" LOYAL-292 ","CUST-1497","Bronze","229"
"LOYAL-293","","Gold","4491"
"LOYAL-294","CUST-1501","Bronze","1087"
"LOYAL-295","","Silver","2201"
"LOYAL-296"," CUST-1503 ","Silver","496"
"LOYAL-297","CUST-1504"," Gold ",""
"LOYAL-298","CUST-1505","Silver","160"
"LOYAL-298","CUST-1505","Silver","160"
" LOYAL-300 ","CUST-1510","Silver","3033"
"#N/A","CUST-1512","Silver",""
"LOYAL-301","CUST-1512","Silver","4382"
"LOYAL-302","CUST-1515","Bronze","4524"
"LOYAL-304","CUST-1517"," Gold ","2171"
"LOYAL-305","CUST-1518","Gold","1791"
"LOYAL-306","CUST-1519","Silver","2924"
"LOYAL-306","CUST-1519","Silver","2924"
"LOYAL-308"," CUST-1524 ","Bronze","4841"
"LOYAL-309","CUST-1525","","2160"
"LOYAL-310","CUST-1526","Silver","1338"
"LOYAL-310","CUST-1526","Silver","1338"
"LOYAL-312","CUST-1528","Silver","4718"
"LOYAL-313","CUST-1529","Bronze",""
"LOYAL-313","CUST-1529","Bronze","78"
"LOYAL-315"," CUST-1531 ","","243"
"LOYAL-316","#N/A"," Gold ","2008"
"LOYAL-317"," CUST-1534 ","","1231"
"LOYAL-318","#N/A"," Silver ","1409"
"","CUST-1537"," Bronze ","1858"
"LOYAL-320","CUST-1538"," Bronze ","3168"
"LOYAL-321","CUST-1540","Silver","4428"
"LOYAL-322"," CUST-1541 "," Silver ",""
"#N/A","CUST-1542","Bronze","3754"
"LOYAL-324","","Silver","60"
" LOYAL-325 ","CUST-1547","Silver","1221"
" LOYAL-326 ","","Bronze","1011"
"LOYAL-327","CUST-1549","Bronze","4886"
"LOYAL-328","CUST-1550","Silver","2735"
"LOYAL-328","CUST-1550","Silver","2735"
"LOYAL-330","CUST-1552","Bronze","3165"
"LOYAL-331","CUST-1553","Bronze","2607"
"LOYAL-332","CUST-1554","Gold","320"
" LOYAL-333 ","CUST-1555","Bronze",""
" LOYAL-334 "," CUST-1556 ","Gold","903"
"LOYAL-335","CUST-1557","Silver","1077"
"LOYAL-335","CUST-1557","Silver","1077"
"LOYAL-337","CUST-1559","Bronze","1551"
"LOYAL-338","CUST-1560","Gold","3580"
"LOYAL-339","CUST-1564","","2047"
"LOYAL-340","CUST-1566","Silver","455"
"LOYAL-340","CUST-1566","Silver","455"
"LOYAL-342","CUST-1568","Gold","3874"
"LOYAL-342","CUST-1568","Gold","3874"
"LOYAL-344","CUST-1571","Bronze",""
"LOYAL-345","CUST-1572","Bronze","4374"
"LOYAL-346","CUST-1573","Gold",""
"LOYAL-347","CUST-1574"," Gold ",""
"LOYAL-348","#N/A","Bronze","4942"
"LOYAL-349","CUST-1576","","507"
"LOYAL-350"," CUST-1577 ","Silver","2281"
"LOYAL-351","CUST-1578","Bronze","1245"
"LOYAL-352","","Gold","178"
" LOYAL-353 ","CUST-1580","Silver","4843"
"LOYAL-354","CUST-1581","Silver","1279"
"LOYAL-355","CUST-1582","Gold","4693"
" LOYAL-356 ","CUST-1583","Gold","4557"
" LOYAL-357 ","CUST-1584","Bronze",""
"LOYAL-357","CUST-1584","Bronze","322"
"LOYAL-359"," CUST-1587 ","","213"
"LOYAL-359","CUST-1587","Silver","213"
"LOYAL-361","CUST-1589","Bronze","4657"
"LOYAL-361","CUST-1589","Bronze","4657"
"LOYAL-362","CUST-1590","Bronze","4389"
"LOYAL-364","CUST-1592","Silver",""
"LOYAL-365","CUST-1593","Bronze","1441"
"LOYAL-366","CUST-1594","Silver",""
"LOYAL-366","CUST-1594","Silver","3795"
"#N/A","CUST-1598","Silver","3497"
"","CUST-1599","","839"
"#N/A","CUST-1601","Gold","3426"
"LOYAL-370","CUST-1601","Gold","3426"
"LOYAL-372"," CUST-1604 "," Gold ","3944"
"LOYAL-373","CUST-1605","Bronze","1448"
"LOYAL-374"," CUST-1606 ","Bronze","4890"
"LOYAL-375","CUST-1608","Bronze","4477"
" LOYAL-376 ","CUST-1609","Gold","1956"
"LOYAL-377","CUST-1610","Bronze","2916"
"LOYAL-377","CUST-1610","Bronze","2916"
"LOYAL-379","CUST-1612","Silver","496"
"LOYAL-380","","Silver","3359"
"LOYAL-381","CUST-1615","Bronze","3339"
" LOYAL-382 "," CUST-1618 "," Bronze ","2759"
"LOYAL-383","CUST-1620","Silver","1102"
"LOYAL-384","CUST-1623","Silver",""
"LOYAL-384","CUST-1623","Silver","1270"
"LOYAL-386","CUST-1625","Silver","2754"
"","CUST-1628","Silver","1328"
"","CUST-1629","","2907"
"LOYAL-388","CUST-1629","Silver","2907"
"LOYAL-389","CUST-1632","Silver","3120"
"LOYAL-391","CUST-1635","Bronze","3272"
"LOYAL-392","CUST-1637","Gold","3881"
"LOYAL-393","CUST-1641","Silver","4660"
"LOYAL-394"," CUST-1644 ","Silver","3604"
"LOYAL-394","CUST-1644","Silver","3604"
"LOYAL-396","CUST-1647","Bronze","3992"
"LOYAL-397"," CUST-1648 ","Silver","1451"
"LOYAL-398"," CUST-1649 ","Gold","2664"
"LOYAL-399","CUST-1650","Silver","3569"
"LOYAL-400",""," Gold ","3261"
"LOYAL-401"," CUST-1654 ","Gold","3291"
"LOYAL-401","CUST-1654","Gold","3291"
"LOYAL-403"," CUST-1656 ","Silver","1510"
"LOYAL-404","CUST-1657","","2651"
"LOYAL-405","CUST-1658","Bronze","1062"
"LOYAL-405","CUST-1658","Bronze","1062"
"LOYAL-407","CUST-1660","Silver","3430"
"LOYAL-408","CUST-1661","#N/A",""
"LOYAL-408","CUST-1661","Silver","2718"
"LOYAL-409","CUST-1664","Gold","1331"
"LOYAL-411","CUST-1669"," Silver ","3357"
"LOYAL-411","CUST-1669","Silver","3357"
"LOYAL-412","CUST-1670","Silver","303"
"LOYAL-414","CUST-1672","Gold","1116"
"LOYAL-414","CUST-1672","Gold","1116"
"LOYAL-415","CUST-1674","Silver","4941"
"","","",""
"LOYAL-418","CUST-1677","","2123"
"LOYAL-418","CUST-1677","Bronze","2123"
"LOYAL-420","CUST-1681","Silver",""
"LOYAL-421","CUST-1682","Silver","1265"
" LOYAL-422 ","","Silver","4882"
"LOYAL-423","#N/A","Silver","790"
"LOYAL-424","","Gold","3178"
"","CUST-1695","Bronze","273"
"LOYAL-426","CUST-1696"," Bronze ","578"
"","CUST-1699","Silver","937"
" LOYAL-428 ","CUST-1702","Silver","3585"
"LOYAL-429","","Silver","2074"
"LOYAL-430","CUST-1704","Silver","4115"
"LOYAL-431","CUST-1705","Gold","3210"
"LOYAL-432","CUST-1707"," Gold ",""
"LOYAL-433","CUST-1708","Silver","1537"
"LOYAL-434","CUST-1709","Gold","2830"
"LOYAL-435"," CUST-1710 ","Silver",""
"LOYAL-436"," CUST-1711 ","Bronze","3457"
" LOYAL-437 ","CUST-1713","Silver","1696"
"LOYAL-438"," CUST-1715 ","Bronze","2760"
" LOYAL-439 ","CUST-1718","","164"
"LOYAL-440","CUST-1719","Bronze","4227"
"LOYAL-441","CUST-1720"," Silver ","2778"
"LOYAL-441","CUST-1720","Silver","2778"
"LOYAL-443","","","3054"
"LOYAL-443","CUST-1722","Bronze","3054"
" LOYAL-445 ","CUST-1724","Bronze",""
"LOYAL-446","","Gold","4714"
"LOYAL-446","CUST-1725","Gold","4714"
"LOYAL-448","CUST-1727","Gold","2545"
"#N/A"," CUST-1729 ","Gold","3509"
" LOYAL-450 ","CUST-1730","Silver","3067"
" LOYAL-451 ","CUST-1731"," Gold ","1625"
"LOYAL-452","CUST-1732","Bronze","2540"
" LOYAL-453 ","CUST-1733","Silver","2479"
"LOYAL-454","CUST-1735","Silver","1062"
" LOYAL-455 ","CUST-1736","Bronze","2657"
" LOYAL-456 ","CUST-1737"," Bronze ","1926"
"#N/A","CUST-1738","Silver","2931"
"LOYAL-458"," CUST-1742 ","Gold","4624"
"LOYAL-459","#N/A","Bronze","1989"
"","CUST-1744","Bronze","4166"
"LOYAL-460","CUST-1744","Bronze","4166"
"LOYAL-462",""," Bronze ","2004"
"LOYAL-462","CUST-1748","Bronze","2004"
"LOYAL-464","CUST-1750","","3554"
"LOYAL-465","CUST-1752","","4490"
"LOYAL-466","CUST-1753","Silver","768"
" LOYAL-467 ","","Bronze","1405"
"LOYAL-468","","Bronze","4546"
"","CUST-1759","Gold","4833"
" LOYAL-470 ","","Silver","2721"
"LOYAL-470","CUST-1763","Silver","2721"
"LOYAL-471","CUST-1764","Bronze","4713"
"LOYAL-473","CUST-1769","Gold","1358"
"LOYAL-474","CUST-1770","#N/A","3599"
"LOYAL-475","CUST-1774","Silver","3878"
""," CUST-1775 ","Silver","2507"
"","CUST-1776"," Silver ","963"
"LOYAL-478","CUST-1777","Silver","1749"
" LOYAL-479 ","CUST-1784"," Silver ","4948"
"LOYAL-479","CUST-1784","Silver","4948"
"LOYAL-481","CUST-1788","","566"
"LOYAL-482","CUST-1790","","2966"
"","CUST-1791","Silver","3658"
"LOYAL-484","CUST-1794","Bronze","4448"
"LOYAL-485"," CUST-1795 ","Silver","452"
"LOYAL-486","CUST-1797"," Gold ","194"
"LOYAL-487","CUST-1798","Gold","3973"
" LOYAL-488 ","CUST-1800","Bronze","2452"
"LOYAL-489","CUST-1801","Gold","2103"
"LOYAL-490","CUST-1802","","1010"
"LOYAL-491","CUST-1803","Bronze",""
"LOYAL-492","CUST-1806","Bronze","3315"
"LOYAL-493","CUST-1812","Silver","3644"
"#N/A","CUST-1814","Gold","4517"
" LOYAL-495 ","CUST-1815","Silver","1725"
"","","Gold",""
"LOYAL-497","","Bronze","1852"
"LOYAL-498","CUST-1821","","4007"
" LOYAL-499 ","CUST-1823","#N/A","3421"
"LOYAL-500","CUST-1826","#N/A","472"
" LOYAL-501 ","CUST-1829","Gold","2781"
"LOYAL-502","CUST-1830","#N/A","4509"
" LOYAL-503 ","CUST-1835","Gold","3566"
"LOYAL-504","CUST-1836","#N/A","4835"
"LOYAL-505","CUST-1837","Gold",""
"LOYAL-506"," CUST-1838 ","Silver","4965"
"LOYAL-507"," CUST-1840 "," Gold ","2697"
"LOYAL-507","CUST-1840","Gold","2697"
"LOYAL-509"," CUST-1842 ","Silver","2590"
"LOYAL-510"," CUST-1849 ","","2695"
"LOYAL-511","CUST-1851","Silver","1047"
"LOYAL-512","CUST-1853","Gold","1232"
"LOYAL-512","CUST-1853","Gold","1232"
"LOYAL-514","CUST-1857","#N/A","2175"
"LOYAL-515"," CUST-1858 ","Gold","235"
"LOYAL-516","CUST-1859","Bronze","1008"
"LOYAL-517","CUST-1862","Bronze","3947"
"","CUST-1864","Bronze","838"
"LOYAL-519","CUST-1865","Silver","508"
"LOYAL-520","CUST-1867","","4705"
"LOYAL-521","CUST-1869","Silver","3978"
" LOYAL-522 ","CUST-1870","","3727"
"LOYAL-523","CUST-1871","Silver","4992"
"LOYAL-524","CUST-1872","Silver","3630"
"LOYAL-525","CUST-1873"," Gold ","2410"
"LOYAL-526","CUST-1875","Bronze","2953"
"LOYAL-527","CUST-1876","Silver","3741"
" LOYAL-528 ","CUST-1877","Bronze","4619"
"LOYAL-529","","Silver","3482"
" LOYAL-530 "," CUST-1885 "," Gold ","2116"
"LOYAL-530","CUST-1885","Gold","2116"
"LOYAL-532","CUST-1891","Gold","396"
"LOYAL-533","CUST-1895","","3853"
"LOYAL-534","#N/A","Silver","2184"
"LOYAL-535","#N/A","Gold","3870"
"LOYAL-536","#N/A","Bronze","1983"
"LOYAL-537","CUST-1902","Gold","3232"
"LOYAL-538"," CUST-1904 ","Gold",""
"LOYAL-539","CUST-1907","Gold","2754"
"LOYAL-539","CUST-1907","Gold","2754"
"LOYAL-541","CUST-1911","Gold","2479"
" LOYAL-542 ","CUST-1914"," Gold ","4618"
"LOYAL-543","CUST-1915","Bronze","1532"
"LOYAL-543","CUST-1915","Bronze","1532"
"LOYAL-545","#N/A","","4464"
"LOYAL-546"," CUST-1919 ","Gold","599"
"","","Gold",""
"LOYAL-548","CUST-1923","Silver","1850"
"LOYAL-549","","Bronze","4553"
"LOYAL-550"," CUST-1926 ","Silver","2541"
" LOYAL-551 ","CUST-1927","Bronze","1494"
"LOYAL-552"," CUST-1929 ","Gold","2425"
"LOYAL-553","CUST-1930","Silver","2672"
"LOYAL-554","CUST-1931","Silver","1820"
"LOYAL-555","CUST-1932","Gold","3018"
"LOYAL-556"," CUST-1933 "," Bronze ","300"
"LOYAL-557","CUST-1934","","1846"
"LOYAL-558"," CUST-1935 ","Gold","4825"
"LOYAL-558","CUST-1935","Gold","4825"
"LOYAL-560","CUST-1940","Gold","2275"
"LOYAL-560","CUST-1940","Gold","2275"
"LOYAL-562"," CUST-1942 ","Gold","3729"
"LOYAL-563","CUST-1944","Gold","1009"
"LOYAL-564","CUST-1945","","321"
"LOYAL-565"," CUST-1949 ","Gold","3619"
"LOYAL-566","CUST-1950","Silver","2641"
"LOYAL-566","CUST-1950","Silver","2641"
"LOYAL-568","CUST-1952","#N/A","1771"
"LOYAL-569","CUST-1953","Gold","3988"
"LOYAL-570","CUST-1954","Silver",""
"LOYAL-570","CUST-1954","Silver","3013"
" LOYAL-572 "," CUST-1956 ","#N/A","1306"
" LOYAL-573 ","CUST-1958","Silver",""
"LOYAL-573","CUST-1958","Silver","1927"
"LOYAL-575","CUST-1966","","521"
"LOYAL-576"," CUST-1968 ","Bronze","72"
"LOYAL-577"," CUST-1969 ","#N/A",""
"LOYAL-578","","Bronze","4319"
" LOYAL-579 ","","#N/A","2365"
"LOYAL-580","CUST-1975","Bronze","3513"
"LOYAL-581","","Silver","1067"
"","CUST-1977","Bronze","1944"
"LOYAL-583","CUST-1978","Gold","2264"
"LOYAL-583","CUST-1978","Gold","2264"
"LOYAL-585"," CUST-1980 ","","4511"
"LOYAL-586","CUST-1981"," Bronze ","3833"
"","","#N/A","854"
"","CUST-1986","Gold","2138"
"#N/A","","Gold","4164"
"LOYAL-590","CUST-1988","Gold","191"
"","CUST-1991","","205"
"LOYAL-592","CUST-1992","Gold","4827"
"LOYAL-593","CUST-1995","Gold","2086"
"LOYAL-594","CUST-1997","Bronze","4144"
"","CUST-1998","Gold","375"
"LOYAL-596","CUST-2001","Gold","2965"
" LOYAL-597 ","CUST-2003","Gold","2064"
"LOYAL-598","CUST-2005","Bronze","3262"
"LOYAL-599","CUST-2006"," Bronze ","2949"
"LOYAL-600"," CUST-2007 ","Bronze","2887"
" LOYAL-601 ","CUST-2010","Silver","4835"
"LOYAL-602","CUST-2011"," Gold ","734"
"","CUST-2012"," Silver ",""
"LOYAL-604","CUST-2013","Bronze","2341"
"LOYAL-605","CUST-2014","Silver","3991"
"LOYAL-605","CUST-2014","Silver","3991"
"LOYAL-607","","","4316"
"LOYAL-608","CUST-2019","Bronze","4777"
"LOYAL-609","CUST-2020","Silver","261"
"LOYAL-610",""," Bronze ","1596"
"LOYAL-610","CUST-2021","Bronze","1596"
"","CUST-2024"," Bronze ","157"
"","CUST-2025","Bronze","3731"
"LOYAL-614","CUST-2027","Gold","3722"
"LOYAL-615","CUST-2031","","3802"
"LOYAL-616","CUST-2032","Bronze","1220"
" LOYAL-617 ","CUST-2033","Silver","2893"
"LOYAL-617","CUST-2033","Silver","2893"
" LOYAL-619 ","CUST-2037","","3471"
"LOYAL-619","CUST-2037","Silver","3471"
"LOYAL-621","CUST-2039","Bronze","374"
" LOYAL-622 ","CUST-2041","Silver","3375"
"LOYAL-623","CUST-2042","Gold","4316"
"LOYAL-624","CUST-2044","Silver","4117"
"LOYAL-624","CUST-2044","Silver","4117"
"LOYAL-626","CUST-2047","Silver","4101"
"LOYAL-627","CUST-2052","Silver","931"
"LOYAL-628","CUST-2058","Gold",""
"LOYAL-628","CUST-2058","Gold","3867"
"LOYAL-630","","Gold",""
"LOYAL-630","CUST-2062","Gold","4459"
"LOYAL-632","#N/A","Gold","4165"
"LOYAL-633"," CUST-2065 ","Bronze","1389"
"LOYAL-634","CUST-2066","Gold","3496"
"LOYAL-635","CUST-2067","Silver","1293"
"LOYAL-636","CUST-2069","Gold","1811"
"LOYAL-637","CUST-2072","","2612"
"LOYAL-638","CUST-2075","Gold","3514"
"LOYAL-639","CUST-2078","Gold","3151"
"LOYAL-639","CUST-2078","Gold","3151"
"LOYAL-640","CUST-2079","Gold","3849"
"LOYAL-642","CUST-2085","Gold","4258"
"LOYAL-643","CUST-2086","","102"
"","","Gold","3349"
"LOYAL-645"," CUST-2089 ","","2690"
"LOYAL-646","CUST-2096","Silver","979"
"LOYAL-647","CUST-2097","Silver","2504"
"LOYAL-648"," CUST-2100 ","Gold","1200"
"LOYAL-649","CUST-2102","Gold","3077"
"","CUST-2103","Silver","1061"
""," CUST-2105 ","#N/A","1103"
"#N/A","CUST-2107","Gold","2489"
"LOYAL-653","CUST-2108","Silver",""
"LOYAL-654","CUST-2109","Silver","464"
"LOYAL-655","","Bronze",""
"LOYAL-656","CUST-2113","Silver","4509"
"LOYAL-657","CUST-2117","","3179"
"LOYAL-658","CUST-2118","Gold","2067"
"LOYAL-659","CUST-2119","Silver",""
"LOYAL-660"," CUST-2123 ","Silver","4041"
"","CUST-2124","Gold",""
"LOYAL-662",""," Silver ","399"
" LOYAL-663 ","CUST-2133","Silver",""
"LOYAL-664","CUST-2134","","1943"
"LOYAL-664","CUST-2134","Gold","1943"
"LOYAL-666","CUST-2140","Bronze",""
"LOYAL-667","","Gold","3789"
"LOYAL-668","CUST-2143","Silver","906"
"",""," Gold ","3429"
"","CUST-2145","Bronze","1843"
"LOYAL-671","CUST-2146","","2437"
"LOYAL-671","CUST-2146","Silver","2437"
" LOYAL-673 ","CUST-2148","Bronze","3621"
"LOYAL-674","CUST-2150"," Silver ","2974"
"LOYAL-674","CUST-2150","Silver","2974"
"LOYAL-676","CUST-2154","Gold","4199"
"LOYAL-677"," CUST-2155 ","Gold","4537"
" LOYAL-678 "," CUST-2157 ","Bronze","3397"
"LOYAL-679","","Silver","2428"
"LOYAL-680","CUST-2161","Gold","903"
" LOYAL-681 ","CUST-2163"," Bronze ","674"
"LOYAL-682","CUST-2164","","3224"
"LOYAL-683","CUST-2165"," Silver ","4231"
"LOYAL-684","CUST-2166","Gold","3813"
"LOYAL-685","CUST-2167","Bronze","72"
"LOYAL-686","CUST-2168","Bronze","3754"
"LOYAL-687","CUST-2169","","4043"
"LOYAL-688","CUST-2171","Bronze","4452"
" LOYAL-689 ","CUST-2173","Bronze","1030"
"LOYAL-690","CUST-2174"," Silver ",""
"","CUST-2175","Silver","3884"
"LOYAL-691","CUST-2175","Silver","3884"
"LOYAL-693","CUST-2179","","4661"
"LOYAL-693","CUST-2179","Gold","4661"
"LOYAL-695","CUST-2182","Bronze","1274"
"LOYAL-696","CUST-2183","Silver","1656"
"","CUST-2185","Silver","2057"
" LOYAL-698 ","CUST-2186","Gold","2180"
"LOYAL-699","#N/A","Silver","4352"
"LOYAL-699","CUST-2188","Silver","4352"
"LOYAL-701","CUST-2190"," Silver ",""
"LOYAL-702","CUST-2191","Gold","1431"
"LOYAL-703","CUST-2192","Gold","2042"
"LOYAL-703","CUST-2192","Gold","2042"
"LOYAL-705","CUST-2195","Bronze","1715"
"LOYAL-706","CUST-2197","Gold","2038"
"LOYAL-706","CUST-2197","Gold","2038"
"#N/A","CUST-2199","Gold","280"
" LOYAL-709 ","CUST-2201","Bronze","572"
"LOYAL-709","CUST-2201","Bronze","572"
"LOYAL-711","CUST-2203","Gold","4850"
" LOYAL-712 ","CUST-2204","Gold","2789"
"LOYAL-713","CUST-2205","Silver","513"
"LOYAL-714","CUST-2206"," Bronze ","249"
"LOYAL-714","CUST-2206","Bronze","249"
" LOYAL-716 ","CUST-2208","Bronze","3010"
"LOYAL-717","CUST-2209","Bronze","3133"
"LOYAL-718","CUST-2210","Silver","1714"
"LOYAL-719"," CUST-2211 ","Gold","1832"
"LOYAL-720","CUST-2213","Silver","452"
"","CUST-2214","Bronze","56"
" LOYAL-722 ","CUST-2216","Silver","2010"
"LOYAL-722","CUST-2216","Silver","2010"
"LOYAL-724","CUST-2218","Bronze",""
"LOYAL-725"," CUST-2220 ","Gold","559"
"LOYAL-726","CUST-2221","Silver","4430"
" LOYAL-727 ","CUST-2223","Silver","3082"
"LOYAL-728"," CUST-2224 ","","2945"
"LOYAL-729","CUST-2228","Bronze","471"
"LOYAL-730"," CUST-2229 ","Silver","349"
" LOYAL-731 ","CUST-2230","","1514"
"LOYAL-732","CUST-2231","Silver","2281"
"LOYAL-733","","","2433"
"LOYAL-733","CUST-2232","Silver","2433"
"LOYAL-735","CUST-2235"," Bronze ","704"
" LOYAL-736 ","CUST-2236","Gold","2168"
" LOYAL-737 ","","Bronze","769"
"LOYAL-738","CUST-2240","Bronze","2950"
" LOYAL-739 ","CUST-2241","Bronze",""
"LOYAL-740","CUST-2242"," Bronze ","3223"
"LOYAL-741","CUST-2243","","181"
"","CUST-2245","Bronze","3969"
" LOYAL-743 ","CUST-2248","Bronze","1042"
" LOYAL-744 ","CUST-2249","Silver","3788"
"LOYAL-745"," CUST-2251 "," Silver ","1646"
"LOYAL-746","CUST-2254","Silver","3358"
"LOYAL-746","CUST-2254","Silver","3358"
" LOYAL-748 ","CUST-2259","","3957"
"LOYAL-749","CUST-2261","Bronze",""
"LOYAL-750"," CUST-2264 ","Gold","4318"
"LOYAL-750","CUST-2264","Gold","4318"
"LOYAL-752","","Gold","2278"
"LOYAL-753","","Silver","2676"
"#N/A"," CUST-2271 ","","3933"
"LOYAL-755","CUST-2272"," Gold ","372"
"LOYAL-756","CUST-2275"," Gold ","3213"
"LOYAL-757","CUST-2276","Bronze","1642"
"LOYAL-758","CUST-2278","Silver","4663"
"LOYAL-759"," CUST-2279 ","Gold","2275"
"#N/A","CUST-2284"," Gold ","3690"
"LOYAL-761","CUST-2285","Bronze","317"
"LOYAL-762","CUST-2286","Silver","88"
"LOYAL-763","CUST-2287"," Bronze ","3209"
"LOYAL-764","CUST-2289","Silver","3121"
"LOYAL-765","CUST-2290","Silver","4135"
"LOYAL-765","CUST-2290","Silver","4135"
"LOYAL-767"," CUST-2292 ","Bronze","3200"
"LOYAL-768","CUST-2293","Gold","4132"
"LOYAL-768","CUST-2293","Gold","4132"
"","CUST-2299"," Bronze ",""
" LOYAL-771 ","CUST-2301","","2383"
"LOYAL-772","","Silver","4292"
"LOYAL-773","CUST-2303","Bronze","1832"
"LOYAL-774","CUST-2306","Silver","3362"
" LOYAL-775 "," CUST-2307 ","Gold","1955"
"LOYAL-776","CUST-2308","Bronze","3253"
""," CUST-2309 "," Gold ","440"
"LOYAL-778","CUST-2310","Gold","3046"
" LOYAL-779 "," CUST-2313 "," Bronze ","4657"
"LOYAL-780","CUST-2314","Silver","4669"
"LOYAL-780","CUST-2314","Silver","4669"
" LOYAL-782 ","","Gold","2192"
"LOYAL-783","CUST-2321"," Bronze ","3668"
"LOYAL-784","CUST-2322","Gold","1107"
"LOYAL-785","","Gold","432"
"LOYAL-786","CUST-2325","Gold","2133"
"#N/A","CUST-2328","Gold","4521"
"LOYAL-788","CUST-2332","Bronze","3845"
" LOYAL-789 ","CUST-2334","Gold","2390"
"LOYAL-790","CUST-2337","Silver","881"
"","CUST-2339","Bronze","2429"
"LOYAL-792","CUST-2342","","4761"
"LOYAL-793","CUST-2343","Gold","4426"
"LOYAL-794","","Gold","3033"
"LOYAL-795","CUST-2347","Silver","4867"
"LOYAL-796","CUST-2351","Bronze","4623"
"LOYAL-796","CUST-2351","Bronze","4623"
"LOYAL-798","CUST-2354","Bronze","1598"
"LOYAL-799","CUST-2355","Silver","4757"
"LOYAL-800","CUST-2356","Gold","160"
"LOYAL-801","CUST-2359","Gold","2819"
"LOYAL-802","CUST-2363","Bronze","813"
"LOYAL-803","CUST-2365","Bronze","1514"
"LOYAL-804","CUST-2366","Silver","1037"
"LOYAL-805","CUST-2367","Silver","996"
" LOYAL-806 ","#N/A","Gold","4830"
"LOYAL-807","CUST-2372","Gold","1991"
" LOYAL-808 ","CUST-2373","Gold","1624"
"LOYAL-809","CUST-2375"," Silver ",""
"LOYAL-810","CUST-2376","Bronze","528"
"LOYAL-811","CUST-2377"," Silver ","2158"
"LOYAL-812","CUST-2378","Gold","1969"
"LOYAL-813","CUST-2380","",""
"LOYAL-814","CUST-2382","","4888"
"LOYAL-815","CUST-2384","Bronze","545"
"LOYAL-816"," CUST-2389 ","",""
"LOYAL-817","CUST-2391","#N/A","1267"
"LOYAL-818"," CUST-2393 ","Bronze","1265"
"","CUST-2397"," Silver ","4309"
"LOYAL-820"," CUST-2398 ","","4849"
"LOYAL-821","CUST-2399","Silver","2303"
"LOYAL-822","CUST-2400","","4084"
"LOYAL-823","CUST-2402","Gold","771"
"LOYAL-823","CUST-2402","Gold","771"
"LOYAL-824","CUST-2403","Bronze","4759"
" LOYAL-826 ","","Bronze",""
"LOYAL-827"," CUST-2408 ","Bronze","606"
"LOYAL-828","CUST-2409","Silver",""
"LOYAL-828","CUST-2409","Silver","618"
"LOYAL-829","CUST-2410","Silver","417"
" LOYAL-831 ","CUST-2412","Bronze","3591"
" LOYAL-832 ","CUST-2413","#N/A","1614"
"LOYAL-833"," CUST-2414 ","Silver","410"
"LOYAL-834","CUST-2415"," Gold ","4128"
"LOYAL-835","CUST-2416","Gold","2908"
"LOYAL-836","CUST-2421","Silver","1831"
"LOYAL-837","CUST-2424","Silver",""
"LOYAL-838","CUST-2425","","1409"
"","CUST-2426","","2878"
"LOYAL-840",""," Gold ","3366"
"LOYAL-841","CUST-2432","Gold","4154"
"LOYAL-842","CUST-2433","Silver","4041"
"LOYAL-843","CUST-2435","Gold","2036"
"LOYAL-844","CUST-2436","Gold","2874"
"LOYAL-845","CUST-2437","Bronze","2853"
"LOYAL-846","","Bronze","3531"
"LOYAL-846","CUST-2438","Bronze","3531"
"LOYAL-848","CUST-2445","Gold","1466"
"LOYAL-849","","","2123"
"LOYAL-850","CUST-2448","","4166"
"LOYAL-850","CUST-2448","Bronze","4166"
" LOYAL-852 ","CUST-2452","Bronze","4741"
"","CUST-2453","Gold","1506"
"LOYAL-854","CUST-2455"," Bronze ","4200"
"LOYAL-854","CUST-2455","Bronze","4200"
"LOYAL-856","CUST-2459","Bronze","2885"
"LOYAL-857","#N/A","Gold",""
" LOYAL-858 ","CUST-2466","","154"
"LOYAL-859","CUST-2467","Gold",""
"LOYAL-860","CUST-2468","Bronze","139"
"LOYAL-861","#N/A","Bronze","4785"
"","CUST-2472","Gold","1180"
"LOYAL-863","CUST-2478","Silver","2919"
"LOYAL-864","CUST-2479","Bronze","111"
"LOYAL-865","","Bronze","1246"
"LOYAL-866","CUST-2482","Gold","4338"
"","","Silver","3713"
"LOYAL-867","CUST-2483","Silver","3713"
"LOYAL-868","CUST-2487","Gold","4449"
"LOYAL-870","CUST-2492","Silver",""
"LOYAL-870","CUST-2492","Silver","4474"
"","CUST-2495","Silver","3261"
"LOYAL-872","CUST-2495","Silver","3261"
"LOYAL-873","CUST-2496","Gold","2159"
"LOYAL-875","CUST-2498"," Gold ","1496"
" LOYAL-876 ","CUST-2500","Silver",""
"LOYAL-877","CUST-2501","Bronze","4112"
"LOYAL-878","CUST-2502","Gold","4639"
" LOYAL-879 ","CUST-2503","","2092"
"LOYAL-880","CUST-2504","Silver","95"
"LOYAL-881","CUST-2505","Bronze","515"
"LOYAL-882","CUST-2507","","4271"
"LOYAL-883","CUST-2508","Gold","4684"
"LOYAL-884","CUST-2509","Bronze","3596"
" LOYAL-885 ","CUST-2511","Gold","4642"
"LOYAL-886"," CUST-2512 ","Gold","1761"
"LOYAL-887","CUST-2513","Gold","1989"
"LOYAL-887","CUST-2513","Gold","1989"
"LOYAL-888","CUST-2515","Silver","2446"
" LOYAL-890 ","CUST-2518","Silver","3416"
"LOYAL-891","CUST-2519","Gold","887"
"LOYAL-892","CUST-2520","Gold","850"
"","CUST-2522"," Gold ","2814"
"LOYAL-893","CUST-2522","Gold","2814"
"LOYAL-895"," CUST-2525 ","Bronze","4058"
" LOYAL-896 ","CUST-2527","","1218"
" LOYAL-897 ","CUST-2528","","1115"
"LOYAL-898","CUST-2529","","3031"
"LOYAL-898","CUST-2529","Gold","3031"
"LOYAL-900","CUST-2536"," Gold ","1428"
"LOYAL-901","CUST-2537","Silver","1781"
"LOYAL-902","CUST-2538","Bronze",""
" LOYAL-903 ","CUST-2539","Gold","2103"
"LOYAL-903","CUST-2539","Gold","2103"
"","CUST-2544","Silver","662"
"LOYAL-906","CUST-2545","Silver","3269"
"#N/A","CUST-2547","","1312"
"LOYAL-908"," CUST-2548 "," Bronze ","2931"
"LOYAL-909",""," Gold ","1842"
"LOYAL-910","CUST-2550"," Gold ","3639"
"LOYAL-911","CUST-2551","Bronze","1377"
"LOYAL-912","CUST-2552","Bronze","4838"
"LOYAL-913","CUST-2554","","2207"
"LOYAL-914"," CUST-2555 ","Gold","3123"
"LOYAL-914","CUST-2555","Gold","3123"
"LOYAL-916","","Silver","4132"
"LOYAL-917","CUST-2558","Gold","2696"
"LOYAL-918","#N/A","Silver","829"
"LOYAL-919","CUST-2563","","2184"
"","CUST-2564","Gold","4347"
" LOYAL-921 ","CUST-2566","Bronze","109"
"LOYAL-922","CUST-2567"," Gold ","2757"
"LOYAL-923","CUST-2569","Bronze","2479"
"LOYAL-923","CUST-2569","Bronze","2479"
"#N/A","CUST-2571","","576"
"LOYAL-925","CUST-2571","Gold","576"
"LOYAL-926","CUST-2573","Silver","3483"
" LOYAL-928 ","CUST-2575","Silver","923"
"LOYAL-929","CUST-2576","Gold","4038"
"LOYAL-930","CUST-2577","Gold","3765"
"","CUST-2578","Bronze","367"
"LOYAL-932","CUST-2579","Silver","1026"
"LOYAL-933","CUST-2580","Silver","731"
"","CUST-2581","Bronze","3871"
"","CUST-2585","Gold","411"
"LOYAL-936","CUST-2586","Silver","3795"
"LOYAL-937","CUST-2589"," Silver ","2912"
"LOYAL-937","CUST-2589","Silver","2912"
"LOYAL-939","CUST-2591","Gold","700"
" LOYAL-940 ","CUST-2592","Silver","287"
"LOYAL-941","CUST-2595","Bronze",""
""," CUST-2597 ","Bronze","1113"
"LOYAL-943","CUST-2598","Bronze","509"
" LOYAL-944 ","CUST-2604"," Silver ",""
"LOYAL-945","CUST-2607","Silver","3768"
"LOYAL-946"," CUST-2611 ","Gold","959"
" LOYAL-947 ","CUST-2613","Silver","4179"
"LOYAL-948"," CUST-2619 ","Bronze","4642"
"LOYAL-949","CUST-2620"," Silver ","2972"
"LOYAL-950","CUST-2621","Silver","693"
"LOYAL-951"," CUST-2622 ","Gold","395"
"LOYAL-952","CUST-2623","Bronze","98"
"LOYAL-953","CUST-2625","Bronze","3851"
"LOYAL-954","CUST-2626","Gold","2862"
"","CUST-2627","Gold","557"
"LOYAL-956","","Gold","1438"
"LOYAL-957","CUST-2631","Silver","3697"
"LOYAL-958","CUST-2632","Silver","1527"
"LOYAL-959","CUST-2633","Silver","3165"
"LOYAL-960","CUST-2636","","4769"
"LOYAL-960","CUST-2636","Bronze","4769"
"LOYAL-962","CUST-2640","Gold","1228"
"LOYAL-962","CUST-2640","Gold","1228"
"LOYAL-963","CUST-2641","Silver","4948"
"LOYAL-965","CUST-2650","Gold","3369"
"LOYAL-966","CUST-2651","Silver","156"
"LOYAL-967","CUST-2652","Gold","1169"
"LOYAL-968","CUST-2654","Silver","77"
"","CUST-2656"," Gold ","4936"
"LOYAL-970","CUST-2659","Gold","4326"
"LOYAL-971","CUST-2660","Silver","583"
"LOYAL-972","CUST-2661","Gold","4618"
"LOYAL-973","CUST-2664","Silver","2504"
"LOYAL-974","CUST-2665","Silver","4472"
"LOYAL-975"," CUST-2666 ","Bronze","675"
"#N/A","CUST-2667","#N/A",""
"LOYAL-977","CUST-2668","Gold","1151"
" LOYAL-978 ","CUST-2669","","2429"
"LOYAL-979","CUST-2670","Gold","774"
"LOYAL-980"," CUST-2671 ","Silver",""
"","CUST-2674","Bronze","2087"
"LOYAL-982","CUST-2675","Bronze","3751"
"LOYAL-983","CUST-2676","Silver",""
"LOYAL-984","CUST-2677","Silver","248"
"LOYAL-985","","Gold","3652"
"LOYAL-986","CUST-2679","Silver","4330"
"LOYAL-987","CUST-2680","Bronze","1487"
"LOYAL-988","CUST-2683"," Bronze ","1835"
"LOYAL-988","CUST-2683","Bronze","1835"
"","CUST-2686","Silver","3865"
"LOYAL-991","","Gold","2323"
"LOYAL-992","CUST-2688","Bronze","1482"
"LOYAL-993","","Gold","4535"
"LOYAL-993","CUST-2690","Gold","4535"
"LOYAL-995","CUST-2695"," Bronze ","230"
"LOYAL-996","CUST-2697","Bronze","2223"
"LOYAL-997","CUST-2698","Bronze","4559"
"LOYAL-998","CUST-2699","#N/A","2185"
"LOYAL-999","","","964"
"LOYAL-1000"," CUST-2703 ","Bronze","196"
"LOYAL-1000","CUST-2703","Bronze","196"
"LOYAL-1002","CUST-2708","Silver","3619"
" LOYAL-1003 ","CUST-2713","Bronze",""
"LOYAL-1004","","Gold","534"
"LOYAL-1005"," CUST-2716 ","Gold","2534"
"LOYAL-1006","CUST-2717","",""
"LOYAL-1007","CUST-2718","Silver","468"
"LOYAL-1008","CUST-2719","Silver","2560"
"LOYAL-1009","CUST-2722","Silver","4759"
"LOYAL-1009","CUST-2722","Silver","4759"
"LOYAL-1011","CUST-2725","",""
"LOYAL-1011","CUST-2725","Bronze","931"
"LOYAL-1013","CUST-2727","Silver","2860"
"LOYAL-1014","#N/A"," Gold ","1816"
"LOYAL-1015","","Silver",""
"LOYAL-1016","CUST-2730","Bronze",""
"LOYAL-1017","CUST-2734"," Bronze ","1461"
" LOYAL-1018 "," CUST-2736 ","Bronze","1604"
"LOYAL-1019",""," Gold ","559"
"#N/A","CUST-2740"," Gold ","4847"
" LOYAL-1021 ","CUST-2741","Silver","4331"
" LOYAL-1022 ","CUST-2743","Gold","2482"
" LOYAL-1023 ","#N/A","Silver","1997"
"LOYAL-1023","CUST-2745","Silver","1997"
"LOYAL-1024","CUST-2747","Bronze","2946"
"LOYAL-1026","#N/A"," Gold ",""
" LOYAL-1027 ","CUST-2754","Bronze","1598"
"LOYAL-1027","CUST-2754","Bronze","1598"
"LOYAL-1028","CUST-2756","Silver","4487"
"LOYAL-1030","CUST-2758","Silver","3740"
"LOYAL-1031","CUST-2759","Bronze","4953"
"","CUST-2761","Silver","161"
"LOYAL-1033","CUST-2762","Gold","3209"
"LOYAL-1034","","#N/A","2503"
"LOYAL-1035"," CUST-2766 ","Bronze","3032"
"LOYAL-1035","CUST-2766","Bronze","3032"
"LOYAL-1037","CUST-2769","Bronze","4250"
"LOYAL-1038","CUST-2771","Gold","465"
"LOYAL-1039","CUST-2773","Silver","3884"
"LOYAL-1040","CUST-2775","Bronze","2852"
"LOYAL-1041","CUST-2777","Gold","4516"
"LOYAL-1042","CUST-2778","Silver","3543"
"LOYAL-1043","CUST-2779","","3664"
"LOYAL-1044","CUST-2780"," Gold ","514"
"LOYAL-1045","CUST-2781","Bronze","512"
"","CUST-2782","Silver","4958"
"LOYAL-1047","CUST-2785","Bronze",""
" LOYAL-1048 ","CUST-2787","Silver","3645"
" LOYAL-1049 ","CUST-2789","Silver","2418"
"LOYAL-1049","CUST-2789","Silver","2418"
"LOYAL-1051","","Gold",""
"LOYAL-1052"," CUST-2792 ","#N/A","4330"
"LOYAL-1052","CUST-2792","Gold","4330"
"LOYAL-1054"," CUST-2796 ","","2984"
" LOYAL-1055 "," CUST-2797 ","",""
" LOYAL-1056 ","","Gold","3194"
" LOYAL-1057 ","CUST-2799","Bronze","1046"
" LOYAL-1058 ","CUST-2800","Silver","4378"
""," CUST-2801 ","","1618"
" LOYAL-1060 ","","Bronze","2632"
"LOYAL-1060","CUST-2803","Bronze","2632"
"LOYAL-1061","CUST-2804","Gold","4540"
"LOYAL-1063","CUST-2806","Gold","73"
"LOYAL-1064","CUST-2810","Gold","2838"
"LOYAL-1064","CUST-2810","Gold","2838"
" LOYAL-1066 ","CUST-2812","Silver","3547"
"LOYAL-1066","CUST-2812","Silver","3547"
"LOYAL-1068","CUST-2815","","4341"
"LOYAL-1069","CUST-2819","Silver","4084"
" LOYAL-1070 ","","Bronze","3062"
" LOYAL-1071 ","CUST-2823","Gold","4591"
"LOYAL-1071","CUST-2823","Gold","4591"
" LOYAL-1073 ",""," Silver ","4533"
"LOYAL-1074"," CUST-2829 ","Silver","126"
"LOYAL-1075","CUST-2832","Bronze","4604"
"","CUST-2834","Gold",""
"LOYAL-1077","CUST-2835","Gold","1554"
"LOYAL-1078","CUST-2836"," Silver ","3750"
"LOYAL-1079","CUST-2839","Bronze","4664"
" LOYAL-1080 ","CUST-2840","Bronze","4314"
"LOYAL-1081","CUST-2843","Gold","3479"
"LOYAL-1082","CUST-2845","","1607"
" LOYAL-1083 ","CUST-2850","Gold","997"
" LOYAL-1084 ","CUST-2852","","947"
"","CUST-2853","Gold","3613"
"#N/A","","Gold","445"
"#N/A","CUST-2857","","3436"
"LOYAL-1088","CUST-2859","Gold","2372"
"LOYAL-1089","#N/A"," Gold ","2518"
"LOYAL-1089","CUST-2860","Gold","2518"
"LOYAL-1091","CUST-2864","",""
"LOYAL-1092","CUST-2869","Bronze","3680"
"LOYAL-1093","CUST-2870","Bronze",""
" LOYAL-1094 "," CUST-2871 ","Gold","4182"
"LOYAL-1095","CUST-2874","Bronze","311"
"LOYAL-1096","CUST-2875"," Silver ","2850"
" LOYAL-1097 "," CUST-2876 ","Bronze",""
"LOYAL-1098","CUST-2877","Gold","1716"
"LOYAL-1099","CUST-2878","Bronze","3619"
"LOYAL-1100","CUST-2881","Bronze","3430"
"LOYAL-1101","CUST-2882","Silver","3228"
"LOYAL-1102","CUST-2883","Silver","3101"
"LOYAL-1103"," CUST-2884 ","Gold","522"
"LOYAL-1104","CUST-2886"," Gold ","885"
"LOYAL-1105","CUST-2887"," Silver ","1534"
"LOYAL-1106","CUST-2888","Bronze","4807"
"LOYAL-1107","CUST-2891","Silver","3550"
"LOYAL-1108","CUST-2892","Gold",""
"LOYAL-1109","CUST-2894","","4568"
"LOYAL-1110","","Silver","3591"
"LOYAL-1110","CUST-2895","Silver","3591"
"LOYAL-1112","CUST-2897","Gold","1168"
"LOYAL-1113","","#N/A","2250"
"LOYAL-1113","CUST-2898","Bronze","2250"
"","CUST-2906","Bronze","4296"
"LOYAL-1116","CUST-2908","Gold","933"
"LOYAL-1117"," CUST-2913 ","",""
"LOYAL-1118","CUST-2914","Bronze","181"
"LOYAL-1119"," CUST-2915 ","Gold",""
"","CUST-2916","Bronze","1398"
"LOYAL-1120","CUST-2916","Bronze","1398"
"LOYAL-1121","CUST-2917","Bronze","3860"
"LOYAL-1122","CUST-2919","Gold","1870"
" LOYAL-1124 "," CUST-2923 "," Bronze ","1951"
"LOYAL-1125","CUST-2924","Gold","1877"
"LOYAL-1125","CUST-2924","Gold","1877"
" LOYAL-1127 ","CUST-2927","Bronze","1467"
"LOYAL-1127","CUST-2927","Bronze","1467"
"LOYAL-1129","CUST-2930","Bronze","3335"
"LOYAL-1130","CUST-2931","Bronze","1195"
"LOYAL-1131","CUST-2932","Silver","418"
" LOYAL-1132 ","CUST-2933","Bronze","2990"
"LOYAL-1133","CUST-2935","Bronze","769"
"LOYAL-1134","CUST-2937","Silver",""
"","CUST-2938","Bronze","3782"
"LOYAL-1136","CUST-2942","","4395"
"LOYAL-1137","","Silver","3746"
"LOYAL-1138","CUST-2945","Bronze","344"
"LOYAL-1139","CUST-2947","","3759"
"LOYAL-1140"," CUST-2948 ","Silver","4489"
"LOYAL-1140","CUST-2948","Silver","4489"
"LOYAL-1142","CUST-2950","Silver","2549"
"LOYAL-1143","CUST-2951","Gold",""
"LOYAL-1144","CUST-2952"," Gold ","4691"
"LOYAL-1145","CUST-2953","Bronze",""
"LOYAL-1146","CUST-2954"," Gold ","3188"
"LOYAL-1147","CUST-2955","Bronze","1421"
"LOYAL-1147","CUST-2955","Bronze","1421"
"LOYAL-1149","CUST-2960"," Silver ","2081"
" LOYAL-1150 ","CUST-2962","Bronze","3256"
"LOYAL-1151","CUST-2963","Gold","787"
"LOYAL-1152"," CUST-2964 ","Bronze","531"
"LOYAL-1153"," CUST-2965 ","Gold","1994"
" LOYAL-1154 ","CUST-2966","Silver","4996"
"LOYAL-1154","CUST-2966","Silver","4996"
"LOYAL-1156","CUST-2970","Bronze","4013"
"LOYAL-1157","CUST-2971","Silver",""
"LOYAL-1158","CUST-2974"," Bronze ","2655"
"LOYAL-1159","CUST-2976","Gold","1382"
"LOYAL-1160","CUST-2977"," Silver ","4885"
"LOYAL-1161","","","4846"
"LOYAL-1162","CUST-2981"," Bronze ","2279"
"LOYAL-1163"," CUST-2982 ","Gold","2545"
"LOYAL-1163","CUST-2982","Gold","2545"
"LOYAL-1165","CUST-2985"," Silver ","2492"
"LOYAL-1166","CUST-2986","Gold","3309"
"LOYAL-1167","CUST-2988","Gold","3685"
"LOYAL-1168","CUST-2989","Gold","4935"
"LOYAL-1169","CUST-2990","","1573"
"LOYAL-1170","CUST-2992"," Bronze ","3861"
"","CUST-2994","Gold","2022"
"LOYAL-1172","CUST-3000"," Bronze ","3961"